"a","b","g","u","b1","b2","b3","b4","n_value","tinfo_gain","item"
0.725934151927939,NA,NA,NA,-6.98205253489642,1.13655684612521,3.69571163123861,NA,3000,224.503454077585,"Ea"
0.677773509534814,NA,NA,NA,-5.49060913428526,-0.65735826123465,1.5414165979239,2.67082867167565,3000,271.498915699507,"Eb"
0.411230310110367,NA,NA,NA,-15.309547667157,-9.36594419732178,4.74247405173929,6.24974425927537,3000,43.6703130530186,"Ed"
0.642050668118425,NA,NA,NA,-6.02375868391136,-1.0925406847617,2.52579808457767,4.99536454480489,3000,230.918697264442,"SC1a"
1.35575155168905,NA,NA,NA,1.64711288803631,1.94279528684405,2.50068586139098,4.00813030908823,3000,403.515834798109,"SC1b"
1.10959100242147,NA,NA,NA,-6.1359740274183,-5.67264926037609,6.31584248539547,NA,3000,10.8414981463175,"SC1c"
0.962624579979451,NA,NA,NA,-2.31670302771601,2.22393296378693,5.1332547622438,8.1014596784471,3000,352.996046065564,"SC1d"
1.17910653005277,NA,NA,NA,-4.96579427913836,-3.32442316400917,0.91569283581512,3.72133953913861,3000,541.262248662821,"SC2a"
1.50965740583267,NA,NA,NA,0.729888645037841,1.22991855907661,2.16978968128974,3.86654943306082,3000,826.897838009805,"SC2b"
1.48162435195966,NA,NA,NA,-4.8015633557158,0.82956410107396,3.27025074681257,4.4110887703124,2998,696.569972890476,"SC2d"
1.78771927839515,NA,NA,NA,-2.27790619822976,-1.26688729443347,0.260255506790744,2.64501607936225,3000,1602.25891523204,"SC3a"
3.23089216797987,NA,NA,NA,0.139378661440439,0.827156549294615,1.41848638164098,2.78871877094826,3000,3639.21289240562,"SC3b"
1.70708281735594,NA,NA,NA,-2.74219857915014,-2.62840158477153,2.22686055950013,NA,3000,415.614648205192,"SC3c"
2.85449450198034,NA,NA,NA,-0.558539501524299,0.655369733591272,2.90329371213491,NA,3000,3180.95300388033,"SC3d"
0.950447452385204,NA,NA,NA,-5.18386620612769,-2.49592376248661,1.87294017368532,4.57153917695683,3000,366.964270663615,"SC4a"
1.37135601742738,NA,NA,NA,1.22852768061231,2.01630328833624,2.45846167308348,5.98738921281318,3000,541.815006895817,"SC4b"
0.800768284344309,NA,NA,NA,-0.286160267114792,2.21977408395347,4.41012230999172,9.05928938435554,2999,344.075590351749,"SC4d"
0.938977908423368,NA,NA,NA,-5.1341693617933,-1.72806127971466,2.05124180324156,6.80884896794774,3000,409.252893406199,"SC5a"
1.89220275969628,NA,NA,NA,1.17940804915875,1.52781141406018,1.82798780492684,4.37577614609415,3000,832.501785670796,"SC5b"
0.70279924476226,NA,NA,NA,-7.77804037932742,-7.69099195531316,10.1830116247423,NA,3000,6.25057030658354,"SC5c"
1.08992160661608,NA,NA,NA,-0.460994057348476,1.95191514719218,3.54339475006581,NA,3000,608.566576195732,"SC5d"
1.42543225837666,NA,NA,NA,-4.20863834253919,-2.36274785599049,1.30475115093188,4.09239070447659,3000,694.76603801945,"SC6a"
2.05023277894047,NA,NA,NA,0.972498943185353,1.28495054268411,1.76912804461097,4.24818462506924,3000,1087.6974957925,"SC6b"
1.58191312754449,NA,NA,NA,0.408774000879456,1.24649003752812,4.02816341824501,NA,3000,988.679547594002,"SC6d"
0.85343661093472,NA,NA,NA,-7.90441394062738,-4.51726762388184,1.66252120321458,5.55439898540521,3000,255.319840866301,"SC7a"
1.18509500102008,NA,NA,NA,1.42346976221581,2.26334381372455,3.08672259366724,5.39183706077003,3000,401.752463883615,"SC7b"
0.931542665148034,NA,NA,NA,-3.14480121031151,2.49056499909059,5.1157350295709,9.08957276381637,3000,253.425786274696,"SC7d"
0.459214686532356,NA,NA,NA,-17.6540869691016,-5.04810083966196,4.82643017070754,10.83463251409,3000,68.2429977482934,"SC8a"
1.23450713466223,NA,NA,NA,2.21804111691502,2.98154846950449,4.55550254031235,5.05611151616206,3000,238.105106496194,"SC8b"
0.4694298585452,NA,NA,NA,-6.62359163298277,7.59203451836286,12.6160958132379,NA,3000,31.0500972684786,"SC8d"
0.806713913004213,NA,NA,NA,-8.0871667755658,-3.8364539460585,3.00471379961872,7.24330346530497,3000,166.767245561168,"SC9a"
1.57072227904389,NA,NA,NA,1.2127281834061,2.07743761234025,3.31944128109443,5.10561418820129,3000,647.04690960157,"SC9b"
0.65512769519466,NA,NA,NA,-4.08501113467929,4.48268293325381,7.75196797853452,10.4500130293818,3000,98.7480265216,"SC9d"
2.10260143882382,NA,NA,NA,-1.75611439573988,0.151021955111263,0.717205166342577,1.76402895412417,3000,2219.74987574895,"SC10a"
2.14628709196226,NA,NA,NA,0.335445706946096,1.41838802071307,1.55970753444373,1.74617511158347,3000,1674.5918849396,"SC10b"
2.33848383186527,NA,NA,NA,-0.0330399985123775,0.880200634501355,1.62662840689794,4.4953778573519,3000,2311.46702117955,"SC10d"
0.714521247288237,NA,NA,NA,1.61516544078401,4.12566918448327,NA,NA,3000,185.935049706473,"SC11a"
0.8108832392427,NA,NA,NA,2.58940306683454,3.65996257404787,4.14660444255562,7.87133320006529,3000,141.374399550765,"SC11b"
0.344425801682126,NA,NA,NA,-6.41180241805097,4.98754352454695,9.18484576091494,14.8647967481484,3000,46.6333042522783,"SC11d"
0.170952452735183,NA,NA,NA,-36.4199056289762,-16.663745408497,10.6541401944432,24.70547975198,3000,9.29486122210437,"SC12a"
0.581196554717291,NA,NA,NA,5.05017154735825,6.16969412618466,7.42082327644674,9.29897412725464,3000,35.7712466308221,"SC12b"
-1239.10541889475,NA,NA,NA,2.01795758137066,-2.90207985382986,NA,NA,3000,1279063.50977526,"SC12c"
0.269101409255292,NA,NA,NA,-11.6752705084871,13.6396924805688,17.8927265898362,27.293078433955,2999,9.19743763923543,"SC12d"
