"GPT_Q1","GPT_Q2","GPT_Q3","GPT_Q4","GPT_Q5","GPT_Q6","person","rater"
2,2,3,2,1,2,1,1
1,1,1,2,0,0,1,2
3,3,3,3,2,3,1,3
2,1,2,2,1,2,2,1
1,0,1,1,0,0,2,2
3,2,3,2,2,2,2,3
1,1,2,1,1,1,3,1
0,0,0,1,0,0,3,2
3,2,3,2,1,2,3,3
1,2,1,1,2,1,4,1
0,0,0,1,0,0,4,2
2,2,2,2,2,1,4,3
2,1,3,2,1,2,5,1
1,0,2,1,0,1,5,2
3,2,4,3,2,3,5,3
2,1,2,2,0,2,6,1
1,0,1,1,0,1,6,2
3,2,3,3,1,3,6,3
3,2,3,2,2,2,7,1
1,1,2,1,1,1,7,2
3,2,4,3,2,2,7,3
2,1,1,2,1,1,8,1
1,0,1,1,0,0,8,2
3,2,2,3,1,3,8,3
1,2,2,1,1,1,9,1
1,1,0,0,0,0,9,2
2,3,2,3,0,3,9,3
1,0,3,0,1,1,10,1
1,0,2,0,0,0,10,2
3,2,4,3,2,3,10,3
1,1,1,2,1,2,11,1
1,0,1,1,0,0,11,2
3,2,2,3,2,3,11,3
2,1,2,1,1,2,12,1
1,0,1,1,1,0,12,2
3,2,3,3,2,3,12,3
2,2,2,2,2,2,13,1
1,1,1,1,1,1,13,2
3,2,3,3,3,3,13,3
2,1,2,2,2,2,14,1
1,0,1,1,0,1,14,2
3,3,3,3,2,2,14,3
1,0,0,0,0,0,15,1
0,0,0,0,0,0,15,2
2,3,0,0,0,0,15,3
2,1,2,3,2,1,16,1
1,0,1,1,0,0,16,2
3,2,3,4,3,3,16,3
1,0,2,1,1,1,17,1
0,0,1,0,0,0,17,2
3,2,3,3,2,3,17,3
2,2,2,1,1,1,18,1
1,1,1,0,0,1,18,2
3,3,3,2,1,3,18,3
1,1,2,2,1,1,19,1
1,0,1,1,0,0,19,2
3,2,3,3,2,3,19,3
2,1,2,2,1,2,20,1
1,0,1,1,0,1,20,2
3,2,2,3,2,3,20,3
2,1,2,2,1,2,21,1
1,0,1,1,0,0,21,2
3,2,4,3,2,2,21,3
2,1,1,2,1,1,22,1
1,0,1,1,0,0,22,2
3,2,3,3,2,2,22,3
2,1,1,2,2,1,23,1
1,0,1,1,1,0,23,2
3,2,3,3,2,3,23,3
2,1,2,3,0,1,24,1
1,0,1,2,0,0,24,2
3,2,4,4,1,3,24,3
2,1,2,3,1,2,25,1
1,0,1,2,0,1,25,2
3,2,2,3,2,2,25,3
2,2,3,2,1,2,26,1
1,0,1,1,0,1,26,2
3,2,4,3,1,3,26,3
2,1,2,2,1,2,27,1
1,0,1,1,0,0,27,2
3,2,3,3,2,2,27,3
2,1,1,2,3,1,28,1
1,0,1,0,1,0,28,2
3,2,3,3,3,3,28,3
2,1,2,3,1,1,29,1
1,0,0,2,0,0,29,2
3,2,3,4,1,3,29,3
2,1,2,1,2,1,30,1
1,0,1,1,0,0,30,2
3,3,2,3,1,2,30,3
3,2,3,2,2,2,31,1
2,1,1,1,0,1,31,2
3,2,3,3,2,2,31,3
2,1,1,1,2,2,32,1
1,0,0,0,0,0,32,2
3,2,3,3,2,3,32,3
1,2,1,2,1,1,33,1
1,1,1,1,0,0,33,2
3,2,2,3,2,3,33,3
1,1,1,1,1,1,34,1
0,0,0,0,1,0,34,2
2,2,1,1,0,1,34,3
1,1,2,1,2,1,35,1
0,0,1,1,1,0,35,2
2,3,2,3,1,2,35,3
2,2,2,2,2,2,36,1
1,0,1,2,1,1,36,2
3,2,3,3,3,2,36,3
1,2,1,1,1,0,37,1
0,0,0,1,0,0,37,2
3,2,2,3,2,2,37,3
3,2,1,2,2,1,38,1
1,1,1,1,0,1,38,2
3,3,2,3,2,2,38,3
2,1,3,2,1,2,39,1
1,1,2,1,0,1,39,2
3,2,4,3,1,3,39,3
2,1,2,2,0,2,40,1
1,0,1,1,0,0,40,2
3,2,3,3,1,2,40,3
2,2,3,2,2,2,41,1
1,1,2,2,1,1,41,2
3,3,4,3,2,3,41,3
2,1,2,2,0,2,42,1
1,0,1,2,0,1,42,2
3,2,4,3,1,2,42,3
2,1,2,1,2,2,43,1
1,0,1,0,1,1,43,2
3,2,2,3,1,3,43,3
2,1,2,2,2,2,44,1
1,0,1,1,1,0,44,2
3,2,3,3,3,3,44,3
2,1,3,3,2,2,45,1
1,0,2,2,1,0,45,2
3,2,4,4,2,3,45,3
1,1,2,1,1,2,46,1
1,0,1,0,0,0,46,2
3,2,3,2,1,2,46,3
3,2,3,3,2,2,47,1
2,1,2,2,1,1,47,2
3,2,4,4,2,3,47,3
1,0,1,1,1,2,48,1
1,0,0,1,0,0,48,2
3,2,3,3,4,1,48,3
3,2,3,2,2,1,49,1
1,1,2,1,1,1,49,2
4,3,3,4,2,3,49,3
2,1,3,2,2,2,50,1
1,0,2,1,1,0,50,2
3,2,3,3,2,3,50,3
2,2,2,3,2,1,51,1
1,0,1,2,0,1,51,2
3,2,3,4,1,3,51,3
2,1,2,2,1,2,52,1
1,0,1,1,0,1,52,2
3,2,3,3,1,3,52,3
2,2,2,2,1,2,53,1
1,1,2,2,0,1,53,2
3,3,3,3,2,3,53,3
2,1,3,2,2,1,54,1
1,1,2,2,1,1,54,2
3,2,4,3,2,3,54,3
3,2,3,2,2,1,55,1
1,1,2,1,0,1,55,2
4,3,3,4,2,3,55,3
2,1,1,0,1,1,56,1
1,0,0,0,0,0,56,2
3,2,2,2,0,2,56,3
2,2,3,2,1,1,57,1
1,1,2,1,1,1,57,2
3,3,4,3,2,3,57,3
1,1,2,2,1,1,58,1
0,0,1,1,0,0,58,2
2,3,3,3,2,2,58,3
2,1,1,1,0,2,59,1
1,1,1,1,0,1,59,2
3,3,2,2,1,2,59,3
2,1,3,2,1,2,60,1
1,0,1,2,1,0,60,2
3,2,3,2,2,3,60,3
2,2,3,2,2,2,61,1
1,1,2,1,1,0,61,2
3,3,3,4,2,3,61,3
2,1,3,2,1,2,62,1
1,0,2,1,0,1,62,2
3,2,4,3,2,3,62,3
3,2,3,2,2,2,63,1
1,0,2,1,1,1,63,2
4,3,4,3,4,3,63,3
2,3,3,3,1,2,64,1
1,1,2,2,0,1,64,2
3,3,3,4,1,3,64,3
2,1,2,2,2,2,65,1
1,0,1,1,0,0,65,2
3,2,3,3,2,3,65,3
3,3,3,2,2,2,66,1
2,1,2,1,1,1,66,2
4,3,4,3,2,3,66,3
2,1,2,1,1,1,67,1
1,0,1,0,0,0,67,2
3,2,3,3,2,2,67,3
3,2,3,2,2,2,68,1
2,1,2,1,1,1,68,2
4,3,4,3,3,3,68,3
3,2,3,3,2,1,69,1
2,1,2,2,1,0,69,2
3,2,4,4,3,2,69,3
2,2,3,2,2,2,70,1
1,1,2,2,1,1,70,2
3,3,3,3,2,3,70,3
2,2,2,3,2,2,71,1
1,1,1,1,1,1,71,2
3,3,2,3,3,2,71,3
3,2,3,2,2,1,72,1
2,1,2,2,1,0,72,2
4,3,4,3,3,2,72,3
2,1,2,2,1,2,73,1
1,0,1,1,0,0,73,2
3,2,3,3,2,3,73,3
2,2,3,2,2,2,74,1
1,1,2,1,1,1,74,2
3,2,3,3,2,3,74,3
3,2,3,2,1,2,75,1
2,1,2,1,0,1,75,2
3,3,3,3,2,3,75,3
2,2,3,2,1,2,76,1
1,1,2,1,0,1,76,2
3,2,4,3,1,3,76,3
2,2,2,2,0,1,77,1
1,1,1,1,0,0,77,2
3,2,3,3,1,3,77,3
2,2,3,3,2,1,78,1
1,1,2,2,1,0,78,2
3,3,4,4,3,2,78,3
2,2,3,3,2,2,79,1
1,0,2,2,1,1,79,2
3,2,4,4,2,3,79,3
1,2,2,2,1,2,80,1
0,0,1,1,0,0,80,2
3,2,3,3,2,3,80,3
3,2,3,2,1,2,81,1
1,1,1,2,0,1,81,2
3,3,4,3,2,3,81,3
3,2,3,3,2,1,82,1
2,1,1,2,1,1,82,2
4,3,4,4,2,3,82,3
3,2,3,3,2,2,83,1
2,1,2,3,1,1,83,2
4,3,4,4,2,3,83,3
2,1,2,2,1,2,84,1
1,0,1,2,0,1,84,2
3,4,3,3,2,3,84,3
3,2,3,2,2,2,85,1
1,0,1,2,1,1,85,2
3,2,3,4,3,3,85,3
2,3,3,2,3,1,86,1
1,1,2,2,2,1,86,2
3,3,4,3,4,3,86,3
3,2,3,2,1,2,87,1
1,1,1,2,0,1,87,2
3,3,3,3,2,3,87,3
3,2,3,2,2,1,88,1
1,1,2,1,1,1,88,2
4,3,3,3,2,3,88,3
1,2,1,2,1,0,89,1
1,1,1,0,0,1,89,2
3,3,3,3,1,3,89,3
1,0,1,2,0,0,90,1
1,1,1,0,0,1,90,2
3,2,3,3,2,3,90,3
2,2,3,2,2,1,91,1
1,1,2,2,1,1,91,2
3,2,4,3,3,3,91,3
3,2,3,2,2,2,92,1
1,1,1,1,1,1,92,2
3,3,4,4,2,3,92,3
3,2,4,3,2,2,93,1
2,2,3,2,1,1,93,2
4,3,4,4,3,3,93,3
2,1,2,2,1,2,94,1
0,0,1,1,0,0,94,2
3,2,3,3,2,3,94,3
2,2,2,2,2,2,95,1
1,1,1,1,1,1,95,2
3,3,3,3,3,3,95,3
2,2,3,3,2,1,96,1
1,1,2,2,1,1,96,2
3,3,3,3,3,2,96,3
2,2,3,3,2,2,97,1
1,0,1,2,1,1,97,2
3,3,3,3,3,3,97,3
2,1,3,3,2,2,98,1
1,0,2,2,1,1,98,2
3,2,4,4,2,3,98,3
2,1,2,3,3,1,99,1
1,0,1,1,1,1,99,2
3,2,3,3,3,2,99,3
3,3,3,3,3,1,100,1
2,1,2,2,1,0,100,2
4,4,4,4,4,3,100,3
2,1,2,3,2,1,101,1
1,0,1,2,1,1,101,2
3,2,3,3,2,2,101,3
3,2,3,3,2,1,102,1
2,1,2,2,1,1,102,2
4,3,3,4,2,3,102,3
2,2,3,2,2,2,103,1
1,1,2,2,1,1,103,2
3,3,3,3,3,3,103,3
2,1,2,1,1,1,104,1
1,1,1,0,0,0,104,2
3,2,2,3,1,3,104,3
2,1,2,3,1,1,105,1
1,0,1,2,1,0,105,2
3,2,3,3,2,2,105,3
3,2,3,3,2,1,106,1
2,1,2,2,1,1,106,2
3,2,3,3,2,3,106,3
2,3,3,2,1,1,107,1
1,1,2,1,0,0,107,2
3,3,3,3,2,2,107,3
3,2,2,1,2,1,108,1
2,1,1,0,1,1,108,2
3,2,2,3,3,2,108,3
3,2,3,3,2,1,109,1
2,1,2,2,1,1,109,2
4,3,4,4,3,3,109,3
3,2,3,3,2,1,110,1
2,1,2,2,1,1,110,2
3,2,3,3,2,2,110,3
3,3,3,2,2,2,111,1
2,1,2,1,1,1,111,2
4,3,3,4,2,3,111,3
2,2,3,2,3,2,112,1
1,0,2,2,2,1,112,2
3,2,4,3,3,3,112,3
3,2,3,3,2,2,113,1
2,1,2,2,1,1,113,2
4,3,4,4,3,3,113,3
2,1,3,2,1,2,114,1
1,1,2,1,1,1,114,2
3,3,4,4,2,3,114,3
3,2,3,3,2,2,115,1
2,1,2,3,1,1,115,2
3,3,4,4,2,3,115,3
3,2,3,3,1,2,116,1
2,1,2,2,1,1,116,2
4,3,3,3,2,3,116,3
3,2,3,3,2,2,117,1
2,1,2,1,1,1,117,2
4,3,4,4,3,2,117,3
2,2,3,2,1,2,118,1
1,0,1,2,0,1,118,2
3,2,3,3,2,3,118,3
2,2,3,3,2,2,119,1
1,1,2,2,1,1,119,2
3,3,4,4,3,3,119,3
2,2,3,3,2,2,120,1
1,1,2,2,1,1,120,2
3,3,4,4,3,3,120,3
2,1,3,2,2,2,121,1
1,0,2,1,1,0,121,2
3,2,4,3,3,3,121,3
2,2,3,2,1,2,122,1
1,1,2,2,0,1,122,2
3,2,4,3,1,3,122,3
3,2,3,2,1,2,123,1
1,1,1,2,1,1,123,2
3,2,4,3,1,3,123,3
2,1,2,2,1,1,124,1
1,0,1,1,0,0,124,2
3,2,3,3,2,2,124,3
1,2,2,1,2,1,125,1
0,1,1,1,0,0,125,2
2,2,1,2,1,1,125,3
1,0,2,1,1,2,126,1
0,0,0,0,0,0,126,2
2,2,3,3,3,2,126,3
3,2,3,2,1,2,127,1
2,1,2,1,0,1,127,2
4,3,4,3,2,3,127,3
2,2,3,3,1,2,128,1
1,1,2,2,0,2,128,2
3,3,4,4,2,3,128,3
2,2,2,3,2,2,129,1
1,1,1,2,1,1,129,2
3,3,3,3,3,3,129,3
2,2,3,2,1,2,130,1
1,1,2,1,0,1,130,2
3,3,4,4,2,3,130,3
2,2,3,3,2,2,131,1
1,1,2,2,1,1,131,2
3,3,4,4,3,3,131,3
3,2,3,2,3,2,132,1
2,1,2,2,2,1,132,2
4,3,4,3,3,3,132,3
2,2,3,3,2,1,133,1
1,1,2,2,1,1,133,2
3,3,4,4,3,3,133,3
2,2,3,2,2,2,134,1
1,1,2,2,1,1,134,2
3,2,4,3,2,3,134,3
2,2,3,3,2,2,135,1
1,1,1,2,1,1,135,2
3,3,4,4,2,3,135,3
2,2,3,3,1,2,136,1
1,1,2,2,0,1,136,2
3,3,4,4,2,3,136,3
3,2,2,3,2,2,137,1
2,1,1,2,1,1,137,2
4,3,3,4,3,3,137,3
1,2,2,3,2,1,138,1
0,0,1,2,1,0,138,2
3,3,4,4,2,3,138,3
2,3,3,3,2,2,139,1
1,1,2,2,1,1,139,2
3,2,4,4,2,3,139,3
2,1,3,2,2,2,140,1
1,1,2,1,1,0,140,2
3,2,4,3,2,3,140,3
2,1,1,1,0,2,141,1
1,0,1,1,0,0,141,2
3,2,3,3,1,3,141,3
2,3,3,2,2,1,142,1
1,0,1,1,1,0,142,2
3,4,3,3,2,3,142,3
2,2,3,3,2,2,143,1
1,0,1,2,1,0,143,2
3,2,4,4,3,3,143,3
3,2,3,2,1,2,144,1
2,1,2,2,0,1,144,2
3,2,3,3,1,3,144,3
2,1,2,1,0,1,145,1
0,0,1,0,0,0,145,2
3,2,3,3,2,3,145,3
2,1,3,2,2,2,146,1
1,0,1,2,2,0,146,2
3,2,3,3,2,2,146,3
3,2,3,3,2,2,147,1
2,1,2,2,1,1,147,2
4,3,4,4,3,3,147,3
2,1,3,2,1,2,148,1
1,1,2,2,0,1,148,2
3,2,4,3,1,3,148,3
3,2,3,2,2,2,149,1
2,1,2,1,1,1,149,2
3,3,4,3,2,3,149,3
3,3,3,2,2,2,150,1
2,2,2,1,1,1,150,2
4,4,3,3,2,3,150,3
2,2,3,3,2,2,151,1
1,1,2,2,1,1,151,2
3,3,3,3,2,3,151,3
2,1,3,2,2,1,152,1
1,1,2,1,1,1,152,2
3,2,4,4,1,3,152,3
3,2,3,3,2,1,153,1
2,1,2,2,1,1,153,2
3,2,3,3,2,2,153,3
3,2,3,2,1,2,154,1
2,1,1,1,0,1,154,2
4,3,4,3,2,3,154,3
3,2,3,2,2,1,155,1
2,1,2,1,1,1,155,2
4,3,4,3,2,3,155,3
3,2,3,2,1,2,156,1
2,1,2,1,0,1,156,2
3,2,3,3,2,3,156,3
2,1,2,2,1,2,157,1
1,0,1,2,0,1,157,2
3,3,3,3,2,3,157,3
3,2,3,2,2,2,158,1
2,1,2,1,1,1,158,2
4,3,4,3,3,3,158,3
2,2,3,2,2,2,159,1
1,0,1,1,0,1,159,2
3,2,3,3,2,3,159,3
2,2,3,3,2,2,160,1
1,1,2,2,1,1,160,2
3,3,4,4,3,3,160,3
2,2,3,2,2,1,161,1
1,2,2,1,1,1,161,2
3,3,4,4,3,3,161,3
3,2,4,3,2,1,162,1
2,1,3,2,1,1,162,2
4,3,4,4,2,3,162,3
3,2,3,2,1,2,163,1
2,1,2,1,1,1,163,2
4,3,4,3,2,4,163,3
2,2,3,2,1,2,164,1
1,1,2,2,1,1,164,2
3,3,4,3,1,3,164,3
3,3,3,2,2,2,165,1
2,1,2,1,0,1,165,2
4,3,4,3,2,3,165,3
3,2,3,2,1,2,166,1
2,1,2,1,1,1,166,2
4,3,4,3,2,3,166,3
3,2,3,2,2,1,167,1
2,1,2,1,1,1,167,2
4,3,3,4,3,3,167,3
3,2,3,2,2,2,168,1
2,1,2,2,1,1,168,2
4,3,4,3,3,3,168,3
3,2,2,2,2,2,169,1
2,1,1,1,1,1,169,2
3,3,3,3,2,3,169,3
3,2,3,2,2,1,170,1
2,1,2,1,1,1,170,2
3,2,3,3,3,2,170,3
2,3,3,3,2,2,171,1
1,2,1,2,1,1,171,2
3,3,4,4,3,3,171,3
3,2,3,2,2,2,172,1
2,1,2,1,1,1,172,2
4,3,4,3,3,3,172,3
2,3,3,3,2,1,173,1
1,2,2,2,1,1,173,2
3,3,3,3,2,3,173,3
2,3,3,3,2,2,174,1
1,2,1,2,1,1,174,2
3,4,4,4,3,3,174,3
3,2,3,3,2,1,175,1
2,1,2,2,1,1,175,2
4,3,4,4,3,2,175,3
3,2,3,3,2,2,176,1
2,1,1,2,1,1,176,2
3,2,3,3,2,3,176,3
3,2,2,3,2,2,177,1
2,1,1,2,1,1,177,2
4,3,4,3,2,3,177,3
3,2,3,3,2,1,178,1
2,1,2,2,1,1,178,2
4,3,4,4,2,3,178,3
3,2,3,3,3,2,179,1
2,1,2,2,2,1,179,2
4,3,4,4,3,3,179,3
1,1,2,1,1,2,180,1
0,0,1,1,0,0,180,2
3,2,2,3,1,3,180,3
2,2,3,3,2,2,181,1
1,1,2,2,0,1,181,2
3,3,4,4,3,3,181,3
3,2,4,3,2,1,182,1
2,1,3,2,1,1,182,2
4,3,4,3,2,3,182,3
3,2,3,3,2,2,183,1
2,1,2,2,1,1,183,2
4,3,4,4,2,3,183,3
3,2,3,3,2,2,184,1
2,1,2,2,1,1,184,2
3,2,3,3,3,2,184,3
2,2,3,3,2,2,185,1
1,1,2,2,1,1,185,2
3,2,4,4,1,3,185,3
2,2,3,3,2,2,186,1
1,1,2,2,1,1,186,2
3,3,4,4,2,3,186,3
3,2,3,3,2,1,187,1
2,1,2,2,1,1,187,2
4,3,4,4,2,3,187,3
2,2,3,2,1,2,188,1
1,1,2,2,1,1,188,2
3,3,4,3,2,3,188,3
3,2,3,2,2,1,189,1
2,1,2,2,1,1,189,2
3,2,4,3,2,2,189,3
3,2,2,2,2,1,190,1
2,1,1,1,1,1,190,2
3,2,3,3,2,2,190,3
3,2,3,2,2,1,191,1
2,1,1,1,1,1,191,2
3,2,4,3,2,3,191,3
3,3,3,2,2,2,192,1
2,2,2,1,1,1,192,2
4,4,3,3,2,2,192,3
3,2,3,2,2,1,193,1
2,1,1,1,1,1,193,2
3,2,4,3,2,2,193,3
3,2,3,2,1,2,194,1
2,1,2,1,0,1,194,2
3,3,4,3,2,3,194,3
2,2,3,3,2,2,195,1
1,1,2,2,1,1,195,2
3,3,4,4,3,3,195,3
3,2,3,3,2,2,196,1
2,1,2,2,1,1,196,2
3,2,4,4,2,3,196,3
3,2,3,3,2,1,197,1
2,1,2,2,1,0,197,2
4,3,4,4,3,2,197,3
2,2,3,2,2,2,198,1
1,1,2,1,1,1,198,2
3,3,4,4,3,3,198,3
3,2,3,3,2,2,199,1
2,1,2,2,1,1,199,2
4,3,4,4,2,3,199,3
2,2,3,2,3,2,200,1
1,1,2,2,1,1,200,2
3,3,4,3,3,2,200,3
3,2,3,3,2,2,201,1
2,1,2,2,1,1,201,2
3,3,4,4,2,3,201,3
3,2,2,2,1,2,202,1
2,1,1,1,0,1,202,2
4,3,3,3,2,3,202,3
3,2,3,2,2,1,203,1
2,1,1,1,1,1,203,2
4,3,4,3,3,3,203,3
2,2,3,3,2,2,204,1
1,1,2,2,1,1,204,2
3,3,4,4,3,3,204,3
2,2,3,3,2,2,205,1
1,1,2,2,1,1,205,2
3,3,4,4,3,3,205,3
3,2,3,2,2,2,206,1
2,1,2,1,1,1,206,2
4,3,4,3,3,3,206,3
3,2,4,3,2,2,207,1
2,1,3,2,1,0,207,2
4,3,4,4,3,3,207,3
2,2,3,2,1,2,208,1
1,1,2,2,1,1,208,2
3,2,4,3,2,3,208,3
3,2,3,2,2,2,209,1
1,1,1,0,1,1,209,2
3,3,3,3,3,3,209,3
3,2,3,2,1,2,210,1
2,1,1,2,0,1,210,2
3,3,4,3,1,3,210,3
3,2,3,3,2,2,211,1
2,1,2,2,1,1,211,2
4,3,4,4,3,3,211,3
2,1,3,2,2,2,212,1
1,0,2,2,0,1,212,2
3,2,4,3,2,3,212,3
3,2,3,3,2,2,213,1
2,1,2,2,1,1,213,2
4,3,4,4,2,4,213,3
3,2,3,3,2,2,214,1
2,1,2,2,1,1,214,2
3,3,3,3,3,3,214,3
3,3,3,2,3,2,215,1
2,1,2,1,2,1,215,2
4,4,3,3,3,3,215,3
2,2,3,2,2,2,216,1
1,0,2,1,0,1,216,2
3,2,4,3,2,3,216,3
3,2,3,3,2,2,217,1
1,1,2,1,1,1,217,2
4,3,4,4,3,3,217,3
3,2,3,2,2,2,218,1
2,1,2,1,1,1,218,2
3,2,4,3,2,3,218,3
3,2,3,2,2,1,219,1
2,1,2,1,1,0,219,2
4,3,4,3,2,2,219,3
3,2,3,3,2,2,220,1
2,1,2,2,1,1,220,2
4,3,4,4,3,3,220,3
3,2,3,3,2,2,221,1
2,1,2,2,1,1,221,2
4,3,4,4,2,3,221,3
2,2,3,3,3,2,222,1
1,1,2,2,2,1,222,2
3,3,4,4,4,3,222,3
3,2,3,3,2,2,223,1
2,1,2,2,1,1,223,2
4,3,4,4,3,3,223,3
2,2,3,3,2,2,224,1
1,1,2,2,1,1,224,2
3,3,4,4,2,3,224,3
3,2,3,3,2,2,225,1
2,1,2,2,1,1,225,2
3,2,4,4,2,3,225,3
3,2,3,3,2,2,226,1
2,1,2,2,1,1,226,2
4,3,4,4,3,3,226,3
3,2,3,3,2,2,227,1
1,1,2,2,1,1,227,2
4,3,4,4,3,3,227,3
3,2,3,3,2,2,228,1
1,1,2,3,1,1,228,2
4,3,4,4,3,3,228,3
2,2,3,3,2,2,229,1
1,1,2,2,1,1,229,2
3,2,4,4,3,3,229,3
3,2,3,2,2,2,230,1
2,1,1,1,1,1,230,2
4,3,4,3,3,3,230,3
3,2,3,2,2,2,231,1
2,1,2,1,1,0,231,2
4,3,4,3,2,3,231,3
3,2,3,3,2,2,232,1
2,1,2,2,1,1,232,2
3,2,4,4,3,3,232,3
3,2,3,3,2,2,233,1
1,1,1,2,1,1,233,2
3,2,4,4,2,3,233,3
3,2,3,2,2,2,234,1
2,1,2,1,1,1,234,2
4,3,3,3,2,3,234,3
3,2,3,3,2,2,235,1
2,1,2,2,1,1,235,2
3,2,4,4,2,3,235,3
3,2,3,3,2,1,236,1
2,1,2,2,1,1,236,2
4,3,4,4,3,2,236,3
3,2,3,3,2,2,237,1
2,1,2,2,1,1,237,2
4,3,4,4,2,3,237,3
3,2,3,2,2,2,238,1
2,1,2,2,1,1,238,2
4,3,4,3,2,3,238,3
3,2,3,3,2,2,239,1
2,1,2,2,1,1,239,2
3,2,4,3,2,3,239,3
3,2,3,2,2,1,240,1
1,1,1,2,1,0,240,2
4,3,3,3,2,2,240,3
3,2,3,2,2,2,241,1
2,1,2,1,1,1,241,2
3,3,4,3,3,3,241,3
3,2,3,3,2,2,242,1
1,1,2,2,1,1,242,2
4,3,4,4,3,3,242,3
3,2,3,3,2,2,243,1
2,1,2,2,1,1,243,2
4,3,4,4,3,3,243,3
3,2,3,3,2,2,244,1
2,1,2,2,1,2,244,2
4,3,4,4,3,3,244,3
3,2,3,2,2,1,245,1
2,1,2,1,1,1,245,2
4,3,4,3,3,2,245,3
3,2,3,2,1,2,246,1
1,1,2,1,0,1,246,2
3,2,4,3,0,3,246,3
2,2,3,2,2,3,247,1
1,1,2,1,1,1,247,2
3,3,4,3,3,3,247,3
3,2,3,2,2,2,248,1
2,1,1,2,1,1,248,2
4,3,4,3,3,3,248,3
2,2,3,3,2,2,249,1
1,1,1,2,1,1,249,2
3,3,4,4,3,3,249,3
3,2,3,3,2,2,250,1
2,1,2,2,1,1,250,2
3,2,4,3,2,3,250,3
2,2,3,2,1,2,251,1
1,1,1,2,0,0,251,2
3,3,3,3,2,3,251,3
3,2,3,3,2,1,252,1
2,1,2,2,1,1,252,2
3,2,4,3,1,3,252,3
3,2,3,2,2,2,253,1
2,1,2,1,1,1,253,2
4,3,4,3,2,3,253,3
2,2,3,3,2,2,254,1
1,1,1,2,1,1,254,2
3,3,4,4,3,3,254,3
2,2,3,3,2,2,255,1
1,1,1,2,1,1,255,2
3,3,3,4,2,3,255,3
3,2,3,2,2,2,256,1
2,1,2,1,1,1,256,2
3,3,4,3,2,3,256,3
3,2,3,3,2,2,257,1
2,1,2,2,1,1,257,2
3,3,4,4,2,3,257,3
3,2,3,3,2,2,258,1
1,1,2,2,1,1,258,2
4,3,4,4,3,3,258,3
3,2,3,2,2,1,259,1
2,1,2,2,0,1,259,2
4,3,3,3,2,2,259,3
3,2,3,2,2,2,260,1
2,1,2,1,1,1,260,2
4,3,4,3,2,3,260,3
3,2,3,3,2,2,261,1
2,1,2,2,1,1,261,2
3,2,4,4,2,3,261,3
2,2,3,3,2,2,262,1
1,1,2,2,1,1,262,2
3,3,4,4,3,3,262,3
3,2,3,3,2,1,263,1
2,1,2,2,1,1,263,2
3,2,3,3,2,2,263,3
3,2,3,3,2,2,264,1
1,0,1,2,1,1,264,2
4,3,4,4,3,3,264,3
3,2,3,3,2,2,265,1
2,1,2,2,1,1,265,2
4,3,4,4,3,3,265,3
3,2,3,3,2,2,266,1
2,0,2,2,1,1,266,2
4,3,4,4,2,3,266,3
3,2,3,3,2,2,267,1
2,1,1,2,1,0,267,2
4,3,4,4,3,3,267,3
3,2,3,2,2,2,268,1
2,1,2,1,1,1,268,2
4,3,4,3,3,3,268,3
3,2,3,2,2,2,269,1
2,1,2,1,1,1,269,2
3,3,3,3,2,3,269,3
2,3,3,2,2,1,270,1
1,2,2,1,1,0,270,2
3,3,4,3,3,2,270,3
3,2,3,3,2,2,271,1
1,0,1,2,0,0,271,2
3,2,4,4,2,3,271,3
2,2,3,3,2,2,272,1
1,1,2,2,1,1,272,2
3,3,4,4,2,3,272,3
2,2,3,3,2,2,273,1
1,0,1,2,0,0,273,2
3,3,4,4,3,3,273,3
3,2,4,3,2,2,274,1
1,1,2,2,1,1,274,2
3,3,4,4,3,3,274,3
2,2,3,3,2,2,275,1
1,1,2,2,1,1,275,2
3,3,4,4,3,3,275,3
2,2,3,2,2,2,276,1
1,1,2,1,1,1,276,2
3,3,4,3,2,3,276,3
3,2,3,2,2,2,277,1
1,1,2,1,1,1,277,2
4,3,4,3,2,3,277,3
3,2,3,3,2,2,278,1
2,1,1,2,0,1,278,2
4,3,4,4,2,3,278,3
3,2,3,3,2,2,279,1
1,1,2,2,1,1,279,2
4,3,4,4,2,3,279,3
2,2,3,3,2,2,280,1
1,1,2,2,1,1,280,2
3,3,4,4,3,3,280,3
2,2,3,3,1,2,281,1
1,1,2,2,0,1,281,2
3,3,4,4,2,3,281,3
3,2,3,2,1,2,282,1
2,1,2,2,0,1,282,2
3,3,4,3,2,3,282,3
3,2,3,2,2,2,283,1
2,1,3,2,1,1,283,2
3,2,4,3,2,3,283,3
2,2,3,3,2,2,284,1
1,1,2,3,1,1,284,2
3,3,4,4,3,3,284,3
3,2,3,3,2,1,285,1
2,1,2,2,1,1,285,2
4,3,4,4,3,2,285,3
3,2,4,3,2,2,286,1
2,1,2,2,1,1,286,2
4,3,4,3,2,3,286,3
3,2,3,3,1,2,287,1
2,1,2,2,0,1,287,2
4,3,4,4,2,3,287,3
3,2,3,3,2,2,288,1
2,1,2,2,1,1,288,2
4,3,4,4,2,3,288,3
3,2,3,2,2,2,289,1
2,1,1,2,1,1,289,2
3,3,4,4,2,3,289,3
3,2,3,2,2,2,290,1
2,1,2,1,1,1,290,2
3,3,3,4,2,2,290,3
3,2,3,2,2,2,291,1
1,1,1,1,1,1,291,2
3,2,3,3,2,3,291,3
3,2,3,3,2,2,292,1
1,1,2,2,1,1,292,2
3,3,4,4,3,3,292,3
2,3,3,3,2,2,293,1
1,2,1,2,1,1,293,2
3,3,4,3,2,3,293,3
3,2,3,3,2,2,294,1
2,1,1,2,1,1,294,2
3,3,4,4,3,2,294,3
3,2,3,2,2,1,295,1
2,1,2,2,1,0,295,2
3,3,3,3,2,2,295,3
2,2,3,3,2,1,296,1
1,1,2,2,1,1,296,2
3,3,4,4,3,2,296,3
2,2,3,3,1,2,297,1
1,1,2,2,0,1,297,2
3,3,4,4,2,3,297,3
3,2,3,2,1,2,298,1
2,1,2,1,0,1,298,2
3,2,4,3,1,3,298,3
3,2,3,3,2,2,299,1
2,1,2,2,1,1,299,2
3,2,4,4,3,3,299,3
3,2,3,3,2,2,300,1
2,1,2,3,1,1,300,2
3,2,4,4,2,3,300,3
3,2,3,3,2,2,301,1
2,1,2,2,1,1,301,2
3,2,4,4,2,3,301,3
3,2,3,2,2,2,302,1
2,1,2,1,1,1,302,2
4,3,4,3,3,3,302,3
3,2,3,3,2,2,303,1
2,1,2,2,1,1,303,2
4,3,4,4,3,3,303,3
3,2,3,2,2,1,304,1
2,1,2,1,1,0,304,2
4,3,4,3,3,2,304,3
3,2,3,3,2,1,305,1
1,1,1,2,1,0,305,2
3,3,4,4,3,2,305,3
2,2,3,2,2,1,306,1
1,1,2,2,1,1,306,2
3,3,3,3,3,2,306,3
3,2,3,2,2,2,307,1
2,1,2,1,1,1,307,2
3,2,3,3,2,3,307,3
2,2,3,3,2,2,308,1
1,1,2,1,1,1,308,2
3,3,4,4,3,3,308,3
2,3,2,2,2,2,309,1
1,1,1,1,1,1,309,2
3,3,3,2,3,3,309,3
3,2,3,2,2,1,310,1
2,1,2,1,1,1,310,2
3,2,4,3,2,2,310,3
2,3,3,2,2,1,311,1
1,0,2,1,1,0,311,2
3,3,4,3,3,2,311,3
3,3,3,2,2,2,312,1
2,1,2,1,1,1,312,2
3,2,4,3,2,3,312,3
3,3,2,3,2,2,313,1
2,1,1,2,1,1,313,2
4,3,3,3,3,3,313,3
3,2,3,3,2,2,314,1
2,1,2,2,1,1,314,2
4,3,4,4,2,3,314,3
3,2,3,2,2,1,315,1
2,1,1,1,1,1,315,2
4,3,4,3,2,3,315,3
2,2,3,3,2,2,316,1
1,1,2,2,0,1,316,2
3,2,4,4,1,3,316,3
3,3,3,3,2,2,317,1
2,2,2,2,1,1,317,2
4,4,4,4,3,3,317,3
2,1,2,2,0,2,318,1
1,1,0,0,0,0,318,2
3,2,3,3,0,3,318,3
2,2,3,3,2,2,319,1
1,1,2,2,1,1,319,2
3,3,4,4,3,3,319,3
3,2,3,3,2,2,320,1
1,0,1,2,1,0,320,2
4,3,4,4,2,3,320,3
3,2,3,3,2,2,321,1
1,0,2,2,1,1,321,2
4,3,3,3,2,3,321,3
2,2,3,3,2,2,322,1
1,1,2,2,0,1,322,2
3,3,4,4,2,3,322,3
3,2,3,3,2,2,323,1
2,1,2,2,0,1,323,2
3,3,4,3,2,3,323,3
2,2,3,3,2,2,324,1
1,1,2,2,1,1,324,2
3,3,4,4,3,3,324,3
3,2,3,3,2,2,325,1
2,1,2,2,1,2,325,2
4,3,4,4,3,3,325,3
2,2,3,3,1,2,326,1
1,1,2,2,0,2,326,2
3,2,4,4,1,3,326,3
3,2,3,2,2,1,327,1
2,1,2,1,1,1,327,2
3,2,4,3,2,2,327,3
3,2,3,3,2,2,328,1
2,1,2,2,1,1,328,2
3,2,3,4,2,3,328,3
2,3,3,3,2,1,329,1
1,1,2,2,1,0,329,2
3,2,4,3,2,2,329,3
3,2,3,3,2,2,330,1
2,1,2,2,1,1,330,2
4,3,4,4,3,3,330,3
3,2,3,3,2,1,331,1
1,1,2,3,1,1,331,2
3,2,4,4,3,3,331,3
3,2,3,3,2,2,332,1
2,1,2,2,1,0,332,2
4,3,4,3,2,3,332,3
3,2,3,3,2,2,333,1
2,1,2,2,1,1,333,2
4,3,4,4,3,3,333,3
3,2,3,2,2,2,334,1
2,1,1,1,1,1,334,2
3,2,4,3,1,3,334,3
3,2,3,2,2,2,335,1
2,1,2,1,1,1,335,2
4,3,4,3,2,3,335,3
2,2,3,3,2,2,336,1
1,1,2,2,1,1,336,2
3,3,4,4,3,3,336,3
3,2,3,3,1,2,337,1
2,1,1,2,0,1,337,2
3,3,4,4,2,3,337,3
3,2,3,2,2,1,338,1
2,1,2,1,1,1,338,2
3,3,4,3,2,2,338,3
2,3,3,2,1,2,339,1
1,1,1,1,0,0,339,2
3,2,3,3,2,3,339,3
2,2,3,3,2,2,340,1
1,1,2,2,1,1,340,2
3,3,4,4,3,3,340,3
2,2,3,3,2,2,341,1
1,1,2,2,1,1,341,2
3,3,3,4,3,3,341,3
3,3,3,2,2,2,342,1
2,1,2,2,1,1,342,2
3,3,4,3,2,3,342,3
2,3,3,3,1,2,343,1
1,1,1,2,0,0,343,2
3,3,4,4,2,3,343,3
3,2,3,2,1,2,344,1
2,1,2,1,0,1,344,2
4,3,4,3,2,3,344,3
3,2,2,3,3,2,345,1
1,1,1,2,2,1,345,2
3,3,4,4,3,3,345,3
2,2,3,2,2,2,346,1
1,1,2,1,1,1,346,2
3,3,3,3,2,3,346,3
3,2,3,2,2,2,347,1
2,1,2,1,1,1,347,2
4,3,3,3,3,3,347,3
3,2,3,3,2,1,348,1
2,1,2,2,0,1,348,2
4,3,4,3,2,2,348,3
3,2,3,3,2,2,349,1
2,1,2,2,1,1,349,2
3,2,4,4,2,3,349,3
3,2,3,3,2,2,350,1
1,1,2,2,1,1,350,2
4,3,4,4,3,3,350,3
3,2,3,3,2,2,351,1
2,1,2,2,1,1,351,2
4,3,4,4,3,3,351,3
2,2,3,3,2,2,352,1
1,1,2,2,1,1,352,2
3,2,4,4,3,3,352,3
3,2,3,2,2,2,353,1
2,1,2,1,1,1,353,2
3,3,4,3,3,3,353,3
3,2,3,3,2,2,354,1
2,1,2,2,1,1,354,2
4,3,4,4,2,3,354,3
3,2,3,2,1,2,355,1
2,1,2,1,0,1,355,2
4,3,4,3,2,3,355,3
3,1,3,2,1,2,356,1
2,1,2,1,1,1,356,2
4,3,4,3,2,3,356,3
2,3,3,3,2,2,357,1
1,2,2,2,1,1,357,2
3,3,4,4,2,3,357,3
3,2,3,2,2,2,358,1
2,2,2,1,1,1,358,2
3,2,4,3,2,3,358,3
3,3,2,2,2,1,359,1
2,2,1,1,1,1,359,2
4,3,3,3,3,2,359,3
3,2,3,2,2,2,360,1
2,1,2,1,1,1,360,2
4,3,4,3,2,3,360,3
3,2,3,2,2,2,361,1
2,1,2,1,1,1,361,2
4,3,4,3,3,3,361,3
3,2,3,2,2,1,362,1
1,1,2,1,1,1,362,2
4,3,4,3,3,3,362,3
3,2,3,3,2,2,363,1
2,1,2,2,1,2,363,2
4,3,3,4,2,3,363,3
2,2,3,3,2,2,364,1
1,1,2,2,1,1,364,2
3,2,3,4,3,3,364,3
3,2,3,2,2,2,365,1
2,1,2,2,1,1,365,2
4,3,4,3,3,3,365,3
3,2,3,3,2,2,366,1
2,1,1,2,1,1,366,2
4,3,4,4,2,3,366,3
3,2,3,2,3,2,367,1
2,1,2,1,1,1,367,2
4,3,4,3,3,4,367,3
2,2,3,3,2,2,368,1
1,1,2,2,1,1,368,2
3,2,4,4,2,3,368,3
3,2,2,3,2,2,369,1
2,1,1,2,1,1,369,2
3,3,3,4,3,3,369,3
3,2,3,3,2,2,370,1
2,1,2,2,1,1,370,2
4,3,4,4,2,3,370,3
3,2,3,2,2,2,371,1
2,1,2,1,1,1,371,2
4,3,4,3,3,3,371,3
2,1,2,2,0,2,372,1
1,1,1,1,0,1,372,2
3,2,3,3,1,2,372,3
3,2,3,3,2,2,373,1
1,0,2,2,1,1,373,2
4,3,4,4,2,3,373,3
3,2,3,2,2,2,374,1
1,1,2,1,1,1,374,2
4,3,4,3,3,3,374,3
3,2,2,3,2,1,375,1
2,1,1,2,1,1,375,2
4,3,3,4,3,3,375,3
2,2,3,3,2,2,376,1
1,1,1,2,1,1,376,2
3,3,4,4,3,3,376,3
2,2,3,3,2,1,377,1
1,1,2,2,1,1,377,2
3,3,4,4,3,3,377,3
3,2,3,3,2,1,378,1
2,1,2,2,1,1,378,2
4,3,4,4,3,2,378,3
3,2,3,2,1,1,379,1
2,1,2,1,1,1,379,2
4,3,4,3,2,2,379,3
3,2,2,2,2,2,380,1
2,1,1,2,1,1,380,2
3,3,3,3,2,3,380,3
3,2,3,2,2,2,381,1
2,1,2,1,1,1,381,2
4,3,3,3,2,3,381,3
3,2,3,3,2,2,382,1
2,1,2,2,1,1,382,2
3,3,3,4,1,3,382,3
2,2,3,3,2,2,383,1
1,1,2,2,1,1,383,2
3,3,4,4,3,3,383,3
2,1,3,3,2,2,384,1
1,1,2,3,1,1,384,2
3,3,4,4,3,3,384,3
2,2,3,3,2,2,385,1
0,1,2,2,1,0,385,2
3,3,4,4,3,3,385,3
3,2,3,2,3,2,386,1
2,1,2,1,2,1,386,2
4,3,4,3,3,3,386,3
3,2,3,2,2,2,387,1
2,1,2,2,1,1,387,2
4,3,4,3,3,3,387,3
2,3,3,2,2,2,388,1
2,1,2,2,1,1,388,2
3,3,3,3,2,3,388,3
2,2,3,3,2,2,389,1
1,1,2,2,1,1,389,2
3,3,4,4,3,3,389,3
2,2,3,3,2,2,390,1
1,1,2,2,1,1,390,2
3,3,4,4,2,3,390,3
3,2,3,3,2,1,391,1
1,0,1,2,0,0,391,2
4,3,4,4,3,2,391,3
2,2,3,3,2,2,392,1
1,1,2,2,1,2,392,2
3,3,4,4,3,3,392,3
3,2,3,2,2,2,393,1
2,1,1,1,2,1,393,2
4,3,4,3,2,3,393,3
3,2,3,2,2,2,394,1
2,1,2,1,1,1,394,2
3,3,4,3,2,3,394,3
3,2,3,2,2,2,395,1
2,1,2,0,1,1,395,2
3,3,4,3,3,3,395,3
3,2,3,2,2,2,396,1
1,1,2,2,1,1,396,2
4,3,4,3,3,3,396,3
3,3,3,2,2,2,397,1
2,1,2,1,1,1,397,2
4,3,4,3,2,3,397,3
2,3,3,2,2,2,398,1
1,2,1,1,1,0,398,2
3,3,3,3,3,3,398,3
3,2,3,2,2,2,399,1
2,1,2,1,1,1,399,2
4,3,3,4,2,3,399,3
2,2,3,3,1,2,400,1
1,1,2,2,0,1,400,2
3,2,3,3,1,3,400,3
3,2,3,3,2,2,401,1
2,1,2,2,1,1,401,2
4,3,4,4,2,3,401,3
2,2,2,2,2,2,402,1
1,1,2,2,0,1,402,2
3,2,3,3,3,3,402,3
2,2,3,2,2,2,403,1
1,1,2,2,1,1,403,2
3,2,4,3,2,3,403,3
3,2,3,2,2,2,404,1
2,1,1,1,1,1,404,2
4,3,3,3,2,3,404,3
3,3,3,3,2,2,405,1
2,1,2,2,1,1,405,2
4,3,3,4,2,3,405,3
3,2,3,2,2,2,406,1
2,1,2,1,1,1,406,2
4,3,4,3,3,3,406,3
3,2,3,3,2,2,407,1
2,1,2,2,1,1,407,2
4,3,4,4,3,3,407,3
3,2,3,3,1,2,408,1
2,1,2,2,0,1,408,2
4,3,4,4,2,3,408,3
3,2,2,3,1,2,409,1
2,1,1,2,0,1,409,2
3,2,3,3,2,3,409,3
3,2,3,2,2,2,410,1
2,1,2,1,1,1,410,2
4,3,4,3,3,3,410,3
3,2,3,3,2,1,411,1
2,1,2,2,1,1,411,2
3,2,4,4,3,2,411,3
3,2,3,3,2,2,412,1
2,1,2,2,1,1,412,2
3,2,4,4,2,3,412,3
3,2,3,3,1,2,413,1
2,1,2,2,0,1,413,2
4,3,4,4,2,3,413,3
3,2,3,3,2,2,414,1
2,1,2,2,1,1,414,2
3,3,4,4,3,3,414,3
3,2,3,3,2,2,415,1
2,1,2,3,1,2,415,2
3,2,4,4,2,3,415,3
3,2,3,2,1,2,416,1
2,1,2,1,0,0,416,2
4,3,4,3,2,2,416,3
2,3,3,3,2,1,417,1
1,1,2,2,0,1,417,2
3,3,4,4,2,3,417,3
3,2,3,3,2,2,418,1
2,1,2,3,1,1,418,2
4,3,4,4,2,3,418,3
3,2,2,3,2,2,419,1
2,1,1,2,1,1,419,2
3,3,3,3,3,3,419,3
3,2,3,3,2,2,420,1
2,1,2,2,1,1,420,2
4,3,4,4,3,3,420,3
3,3,3,3,2,2,421,1
2,2,2,2,1,1,421,2
4,4,4,4,2,3,421,3
3,2,3,3,2,2,422,1
2,1,2,2,1,1,422,2
4,3,4,4,2,3,422,3
2,2,3,3,2,2,423,1
1,1,2,2,1,2,423,2
3,3,4,4,3,3,423,3
3,2,3,2,1,2,424,1
2,1,2,2,0,1,424,2
4,3,4,3,2,3,424,3
3,2,3,2,2,2,425,1
2,1,2,1,1,1,425,2
4,3,4,3,3,3,425,3
3,2,3,3,2,2,426,1
2,1,2,2,0,0,426,2
4,3,4,4,2,3,426,3
3,2,3,2,3,2,427,1
2,1,2,1,2,1,427,2
3,3,3,3,3,3,427,3
3,2,3,3,2,2,428,1
2,1,2,2,1,1,428,2
4,3,4,4,2,3,428,3
3,2,3,3,2,2,429,1
2,1,2,2,1,1,429,2
3,2,3,3,2,3,429,3
3,2,3,3,2,2,430,1
2,1,2,3,1,1,430,2
4,3,4,4,2,3,430,3
2,2,3,3,2,2,431,1
1,1,2,2,1,1,431,2
3,3,4,4,3,3,431,3
3,3,3,3,2,2,432,1
2,2,2,2,1,1,432,2
4,4,4,4,2,3,432,3
3,2,3,2,2,2,433,1
1,1,2,1,0,1,433,2
3,2,4,3,2,3,433,3
3,2,3,2,2,2,434,1
2,1,2,1,1,1,434,2
4,3,4,3,2,3,434,3
2,2,3,3,2,2,435,1
1,1,2,1,1,1,435,2
3,3,4,4,3,3,435,3
3,2,3,3,2,2,436,1
2,1,2,2,1,1,436,2
4,3,4,4,2,3,436,3
3,3,3,3,2,2,437,1
2,2,2,2,1,1,437,2
4,4,4,4,3,3,437,3
3,2,3,2,2,2,438,1
1,0,1,2,1,1,438,2
4,3,3,3,2,3,438,3
3,2,2,3,2,2,439,1
2,1,1,2,1,1,439,2
4,3,3,3,2,3,439,3
3,2,3,2,2,2,440,1
2,1,2,1,1,1,440,2
3,3,3,3,2,3,440,3
3,2,4,3,2,2,441,1
2,1,3,3,1,1,441,2
4,3,4,4,3,3,441,3
3,2,3,3,2,2,442,1
2,1,2,2,1,1,442,2
4,3,4,4,3,3,442,3
3,2,3,3,2,2,443,1
2,1,2,2,1,2,443,2
4,3,4,4,2,3,443,3
3,2,3,3,1,2,444,1
2,1,2,2,0,1,444,2
4,3,4,4,2,3,444,3
3,3,3,3,2,2,445,1
2,2,2,2,1,1,445,2
4,4,4,4,2,3,445,3
3,2,3,3,2,2,446,1
2,1,2,2,1,1,446,2
3,2,4,4,2,3,446,3
2,2,3,3,2,2,447,1
1,1,2,2,1,1,447,2
3,3,4,4,2,3,447,3
3,2,3,3,2,2,448,1
2,1,2,2,1,1,448,2
4,3,4,4,3,3,448,3
2,2,3,3,2,2,449,1
1,1,2,2,1,1,449,2
3,3,4,4,3,3,449,3
3,2,4,3,2,2,450,1
2,1,3,2,1,1,450,2
4,3,4,4,2,3,450,3
3,2,3,3,2,2,451,1
2,1,2,2,1,1,451,2
4,3,4,4,2,3,451,3
3,2,3,3,2,1,452,1
2,1,2,2,1,0,452,2
4,3,4,4,3,1,452,3
3,2,3,2,2,2,453,1
2,1,2,1,1,0,453,2
4,3,4,3,3,3,453,3
3,3,3,3,2,2,454,1
2,1,2,2,1,1,454,2
3,3,4,4,2,3,454,3
3,2,3,3,2,2,455,1
2,1,1,2,1,1,455,2
3,2,4,4,2,3,455,3
3,2,3,2,2,2,456,1
2,1,2,2,1,1,456,2
3,3,4,3,2,3,456,3
2,2,3,2,2,2,457,1
1,1,2,1,1,1,457,2
3,2,4,3,3,2,457,3
2,3,3,2,1,2,458,1
1,2,2,1,0,1,458,2
3,3,4,3,2,3,458,3
3,2,3,3,2,1,459,1
2,1,2,2,1,1,459,2
4,3,4,4,3,2,459,3
3,3,3,3,2,2,460,1
2,1,2,2,1,1,460,2
4,3,4,4,3,3,460,3
3,2,3,3,2,2,461,1
2,1,2,2,1,1,461,2
4,3,4,4,3,3,461,3
3,2,3,3,2,2,462,1
1,0,1,2,0,1,462,2
4,3,4,3,2,3,462,3
2,3,3,3,2,1,463,1
1,2,2,2,1,0,463,2
3,2,4,4,3,2,463,3
3,2,3,2,1,2,464,1
2,1,2,1,0,1,464,2
4,3,4,3,2,3,464,3
3,3,3,3,2,2,465,1
2,2,2,3,1,1,465,2
4,3,4,4,2,3,465,3
3,2,3,3,2,1,466,1
2,1,2,2,1,1,466,2
3,3,4,4,2,3,466,3
3,3,3,3,2,2,467,1
2,1,2,3,1,1,467,2
3,2,4,4,2,2,467,3
3,2,3,3,2,1,468,1
2,1,2,2,1,1,468,2
3,3,4,4,2,3,468,3
3,2,3,2,2,1,469,1
2,1,2,2,1,1,469,2
3,2,4,3,3,2,469,3
3,2,3,3,2,2,470,1
2,1,2,2,1,1,470,2
4,3,4,4,2,3,470,3
3,2,3,3,2,2,471,1
1,1,2,2,1,1,471,2
4,3,4,4,3,3,471,3
3,2,3,2,2,1,472,1
2,0,2,1,1,1,472,2
3,2,3,3,2,2,472,3
3,3,3,3,2,2,473,1
2,2,2,2,1,1,473,2
4,3,4,4,3,3,473,3
3,3,3,3,2,2,474,1
1,1,2,2,1,1,474,2
3,3,3,3,3,3,474,3
3,2,3,2,1,2,475,1
2,1,2,2,0,1,475,2
3,2,4,3,1,3,475,3
3,2,3,2,2,2,476,1
2,1,2,1,1,1,476,2
4,3,4,3,3,3,476,3
3,2,3,3,2,2,477,1
2,1,2,2,1,1,477,2
3,2,3,3,2,3,477,3
2,2,3,2,2,2,478,1
1,1,2,1,1,1,478,2
3,2,3,3,1,3,478,3
3,2,3,3,2,1,479,1
2,1,2,2,1,0,479,2
4,3,4,4,2,3,479,3
3,3,3,3,2,1,480,1
2,2,2,2,1,0,480,2
4,4,4,4,3,2,480,3
3,2,3,3,2,2,481,1
2,1,2,2,1,1,481,2
4,3,4,4,3,3,481,3
3,2,3,3,1,2,482,1
2,1,2,2,0,1,482,2
4,3,4,4,2,3,482,3
3,2,3,3,2,2,483,1
2,1,2,3,1,1,483,2
3,2,4,4,2,3,483,3
3,2,3,2,2,1,484,1
2,1,2,1,1,0,484,2
3,2,4,3,2,2,484,3
3,2,3,2,2,1,485,1
2,1,2,1,1,1,485,2
4,3,4,3,3,2,485,3
3,2,3,3,2,2,486,1
2,1,2,2,1,2,486,2
4,3,4,4,3,3,486,3
3,2,3,3,2,2,487,1
2,1,2,2,1,2,487,2
4,3,4,4,3,3,487,3
3,2,3,2,2,2,488,1
2,1,2,1,1,1,488,2
3,3,3,3,2,3,488,3
3,2,3,2,2,2,489,1
2,1,2,1,1,1,489,2
3,3,4,3,2,3,489,3
3,2,3,3,2,2,490,1
2,1,2,2,1,1,490,2
3,2,4,3,2,3,490,3
2,2,3,3,1,2,491,1
1,1,2,2,0,1,491,2
3,3,4,4,2,3,491,3
3,2,3,3,2,2,492,1
1,1,1,2,1,1,492,2
3,3,4,4,2,3,492,3
3,2,3,3,2,2,493,1
2,1,2,2,1,1,493,2
4,3,4,4,3,3,493,3
3,2,3,3,2,2,494,1
2,1,2,2,1,1,494,2
4,3,4,4,3,3,494,3
2,2,3,3,2,2,495,1
1,1,2,2,1,1,495,2
3,3,4,4,3,3,495,3
3,2,3,2,2,1,496,1
2,1,2,1,1,0,496,2
4,3,4,3,3,2,496,3
3,2,3,3,2,1,497,1
2,1,2,2,1,1,497,2
4,3,4,4,3,3,497,3
2,3,3,2,2,2,498,1
2,1,2,2,1,1,498,2
3,3,4,4,3,3,498,3
3,2,3,3,2,2,499,1
2,1,2,3,1,1,499,2
3,2,4,4,2,3,499,3
3,2,3,3,2,1,500,1
2,1,2,3,1,0,500,2
3,2,4,4,3,2,500,3
3,2,3,3,2,2,501,1
2,1,2,2,1,1,501,2
4,3,4,4,3,3,501,3
3,2,2,3,2,2,502,1
2,1,1,2,1,1,502,2
4,3,3,4,3,3,502,3
3,3,3,2,2,2,503,1
2,1,2,1,0,1,503,2
4,4,4,3,2,3,503,3
3,2,3,3,2,2,504,1
2,1,2,2,1,1,504,2
4,3,4,4,3,3,504,3
3,3,3,2,2,2,505,1
2,1,2,1,1,2,505,2
4,3,4,3,3,3,505,3
3,2,3,3,2,1,506,1
2,1,2,2,1,1,506,2
3,2,4,4,2,3,506,3
3,2,3,3,2,2,507,1
2,1,2,2,0,1,507,2
4,3,4,4,3,3,507,3
3,2,3,2,2,2,508,1
2,1,2,1,1,1,508,2
4,3,4,3,2,3,508,3
3,2,3,2,2,1,509,1
2,1,2,2,1,1,509,2
4,3,4,3,2,3,509,3
3,2,3,2,1,2,510,1
2,1,1,1,0,1,510,2
3,3,3,3,2,3,510,3
3,2,3,2,2,2,511,1
2,1,2,1,1,1,511,2
4,3,4,3,3,3,511,3
3,2,3,3,2,2,512,1
1,1,2,2,1,1,512,2
4,3,4,4,2,3,512,3
3,2,3,2,2,2,513,1
2,1,2,1,1,1,513,2
4,3,4,3,2,3,513,3
3,2,3,3,1,2,514,1
2,1,2,2,0,1,514,2
4,3,4,4,2,3,514,3
3,2,3,3,1,2,515,1
2,1,2,2,0,2,515,2
4,3,4,4,2,3,515,3
3,2,3,3,2,2,516,1
2,1,2,2,1,1,516,2
3,2,4,4,2,3,516,3
3,2,3,2,2,2,517,1
2,1,2,1,1,1,517,2
4,3,4,3,3,3,517,3
3,3,3,3,2,2,518,1
2,2,2,2,1,1,518,2
4,3,4,4,3,3,518,3
3,2,3,3,2,2,519,1
2,1,2,2,1,1,519,2
4,3,4,4,2,3,519,3
3,2,3,2,2,2,520,1
2,1,1,1,1,1,520,2
3,2,3,3,2,3,520,3
3,3,3,2,2,2,521,1
2,2,1,1,1,2,521,2
4,3,3,3,3,3,521,3
3,2,3,2,2,1,522,1
2,1,1,1,1,0,522,2
3,3,3,3,3,2,522,3
3,2,3,3,2,2,523,1
2,1,2,2,1,2,523,2
4,3,4,4,2,3,523,3
3,3,3,2,2,2,524,1
2,1,2,1,1,1,524,2
4,3,4,3,2,3,524,3
3,3,3,3,2,2,525,1
2,2,2,2,1,1,525,2
3,3,4,4,2,3,525,3
2,2,3,3,2,2,526,1
1,0,2,2,0,1,526,2
3,2,4,4,2,3,526,3
3,2,3,3,2,2,527,1
2,1,2,3,1,2,527,2
3,2,4,4,3,3,527,3
2,2,3,3,2,2,528,1
1,1,2,2,1,1,528,2
3,3,4,4,3,3,528,3
3,2,3,3,1,2,529,1
2,1,2,2,0,1,529,2
4,3,4,4,2,3,529,3
3,2,3,3,2,2,530,1
2,1,2,2,1,1,530,2
4,3,4,4,3,3,530,3
3,2,3,3,2,2,531,1
2,1,2,2,1,1,531,2
3,2,4,4,3,3,531,3
3,2,3,2,2,2,532,1
1,1,2,2,1,1,532,2
3,2,3,3,3,3,532,3
2,3,3,3,2,2,533,1
1,2,2,3,1,1,533,2
3,3,4,4,1,3,533,3
3,2,3,2,2,2,534,1
2,1,2,1,1,1,534,2
4,3,4,3,3,3,534,3
3,2,3,2,2,2,535,1
2,1,2,2,1,1,535,2
3,2,3,3,3,3,535,3
3,2,3,2,2,1,536,1
2,1,2,1,1,1,536,2
3,2,4,3,2,3,536,3
3,2,3,3,2,2,537,1
2,1,2,3,1,1,537,2
3,2,4,4,2,3,537,3
3,2,3,3,1,2,538,1
2,1,2,2,0,1,538,2
4,3,4,4,2,3,538,3
3,3,4,3,2,2,539,1
2,1,3,2,1,1,539,2
4,3,4,4,2,3,539,3
2,3,3,2,2,2,540,1
1,2,2,2,1,1,540,2
3,3,3,3,3,3,540,3
3,3,3,3,2,2,541,1
2,1,2,2,1,1,541,2
4,4,4,4,3,3,541,3
3,2,2,3,1,2,542,1
2,1,1,2,0,1,542,2
3,3,4,3,2,3,542,3
3,2,3,3,2,2,543,1
2,1,2,2,1,1,543,2
4,3,4,4,3,3,543,3
3,2,3,2,2,2,544,1
2,1,2,1,1,2,544,2
4,3,4,3,2,3,544,3
3,2,3,2,2,2,545,1
2,1,2,1,1,1,545,2
4,3,4,3,3,3,545,3
3,3,3,3,2,2,546,1
2,2,2,2,1,1,546,2
4,4,4,4,3,3,546,3
3,3,4,3,2,2,547,1
2,1,2,1,1,1,547,2
4,3,4,4,3,3,547,3
3,2,3,3,2,1,548,1
2,1,2,3,1,1,548,2
4,3,4,4,2,3,548,3
3,2,3,2,2,2,549,1
2,1,2,1,1,1,549,2
4,3,4,3,2,3,549,3
3,3,3,2,2,2,550,1
2,2,2,1,1,1,550,2
4,4,3,3,2,3,550,3
3,2,3,3,2,2,551,1
2,1,2,2,1,1,551,2
4,3,4,4,3,3,551,3
3,2,3,3,2,2,552,1
2,1,2,2,1,1,552,2
4,3,4,4,2,3,552,3
2,2,3,3,2,2,553,1
1,1,1,2,1,1,553,2
3,2,4,4,2,3,553,3
3,2,3,3,2,1,554,1
2,1,2,2,1,1,554,2
3,3,4,4,3,2,554,3
3,2,3,2,1,2,555,1
2,1,2,1,0,1,555,2
4,3,4,3,2,3,555,3
3,2,3,3,2,2,556,1
2,1,2,2,1,1,556,2
4,3,4,3,2,3,556,3
3,2,3,3,2,2,557,1
2,1,2,3,1,2,557,2
3,2,4,4,3,3,557,3
3,2,3,3,2,2,558,1
2,1,2,2,1,1,558,2
4,3,4,4,3,3,558,3
2,2,3,3,2,2,559,1
1,1,2,2,1,1,559,2
3,3,4,4,3,3,559,3
3,2,3,2,2,2,560,1
2,1,2,2,1,1,560,2
4,3,4,3,2,3,560,3
3,2,3,3,2,2,561,1
2,1,2,3,1,1,561,2
4,3,4,4,3,3,561,3
3,2,3,3,1,2,562,1
2,1,2,3,0,1,562,2
4,3,4,4,2,3,562,3
3,2,3,3,2,1,563,1
2,1,2,3,1,1,563,2
4,3,4,4,3,2,563,3
3,2,3,2,3,2,564,1
2,1,2,2,1,1,564,2
3,3,4,4,2,3,564,3
3,3,3,2,2,2,565,1
2,2,2,1,1,1,565,2
3,3,4,4,2,3,565,3
3,2,3,3,2,2,566,1
2,1,2,2,1,2,566,2
4,3,4,4,3,3,566,3
2,2,3,3,1,2,567,1
1,1,2,2,1,1,567,2
3,2,3,3,1,3,567,3
3,2,3,3,2,2,568,1
1,1,2,2,1,1,568,2
4,3,4,4,3,3,568,3
3,3,3,3,2,2,569,1
2,2,2,2,1,1,569,2
3,3,4,4,3,3,569,3
3,2,3,2,2,1,570,1
2,1,2,1,1,0,570,2
4,3,4,3,3,2,570,3
3,2,3,2,3,2,571,1
2,1,2,1,2,1,571,2
3,2,4,3,3,3,571,3
3,2,3,2,1,2,572,1
2,1,2,1,0,1,572,2
4,3,4,3,2,3,572,3
3,2,3,3,2,2,573,1
2,1,2,2,1,1,573,2
3,2,3,3,2,3,573,3
3,2,3,3,2,2,574,1
1,1,1,2,1,1,574,2
4,3,3,4,3,3,574,3
3,2,3,2,2,2,575,1
2,1,1,2,1,1,575,2
4,3,4,3,3,3,575,3
3,2,3,2,2,1,576,1
2,1,2,1,1,1,576,2
4,3,4,3,3,2,576,3
3,2,3,2,2,2,577,1
2,1,2,2,1,1,577,2
4,3,4,3,3,3,577,3
3,2,3,3,2,2,578,1
2,1,2,2,1,1,578,2
3,3,4,4,3,3,578,3
3,2,3,3,2,2,579,1
2,1,2,2,1,1,579,2
4,3,4,4,3,3,579,3
3,2,3,3,2,2,580,1
2,1,2,2,1,1,580,2
3,2,4,4,2,3,580,3
3,2,3,3,2,2,581,1
2,1,2,2,1,1,581,2
4,3,4,4,2,3,581,3
2,2,3,3,2,2,582,1
1,1,2,2,1,1,582,2
3,2,3,4,2,3,582,3
2,2,2,3,3,2,583,1
1,0,1,2,1,1,583,2
3,2,3,3,2,3,583,3
3,2,3,3,2,2,584,1
2,1,2,2,1,1,584,2
4,3,4,4,2,3,584,3
3,2,3,2,2,2,585,1
2,1,2,1,1,1,585,2
4,3,4,3,3,3,585,3
2,3,3,2,2,1,586,1
1,1,2,2,1,1,586,2
3,3,4,3,3,4,586,3
3,2,3,3,2,2,587,1
2,1,2,2,1,1,587,2
3,3,4,4,3,3,587,3
2,2,3,3,0,2,588,1
1,1,2,2,0,1,588,2
3,3,4,4,0,3,588,3
3,2,3,2,1,2,589,1
2,1,2,2,0,1,589,2
4,3,4,3,1,3,589,3
2,2,3,3,2,2,590,1
1,1,2,2,1,1,590,2
3,2,4,4,2,3,590,3
3,2,3,3,2,1,591,1
2,1,2,3,1,1,591,2
3,2,4,4,2,3,591,3
3,2,3,2,2,2,592,1
2,1,2,1,1,1,592,2
4,3,4,3,3,3,592,3
3,2,3,2,2,2,593,1
2,1,2,1,1,1,593,2
4,3,4,3,3,3,593,3
3,2,3,3,2,2,594,1
2,1,2,2,1,1,594,2
4,3,4,4,3,3,594,3
3,2,3,2,2,2,595,1
2,1,3,1,1,1,595,2
4,3,4,3,3,3,595,3
3,3,2,3,2,2,596,1
2,2,1,2,1,1,596,2
4,3,4,3,3,3,596,3
3,2,3,3,2,2,597,1
2,1,2,2,1,1,597,2
4,3,4,4,2,3,597,3
3,2,3,3,2,2,598,1
2,1,2,2,1,1,598,2
4,3,4,4,3,3,598,3
3,2,4,3,2,2,599,1
2,1,3,2,1,1,599,2
4,3,4,4,3,2,599,3
3,2,3,2,2,2,600,1
2,1,2,2,1,1,600,2
4,3,4,3,3,3,600,3
3,2,3,3,2,2,601,1
2,1,2,2,1,1,601,2
4,3,4,4,2,3,601,3
3,3,3,2,2,2,602,1
2,1,2,2,1,1,602,2
3,3,4,3,3,3,602,3
3,2,3,3,2,2,603,1
2,1,2,2,1,1,603,2
4,3,4,4,2,3,603,3
3,3,3,3,2,2,604,1
2,1,2,2,1,1,604,2
4,3,4,4,3,3,604,3
3,3,3,2,2,1,605,1
2,2,2,1,1,0,605,2
4,4,4,3,3,2,605,3
3,2,3,2,2,2,606,1
2,1,2,1,1,1,606,2
4,3,4,3,3,3,606,3
3,2,3,2,2,2,607,1
2,1,2,1,1,1,607,2
3,2,4,3,2,3,607,3
3,3,3,3,2,2,608,1
2,2,2,2,1,1,608,2
4,4,4,4,3,3,608,3
3,2,3,3,2,2,609,1
1,1,2,2,1,1,609,2
3,3,4,4,3,3,609,3
3,3,3,3,2,2,610,1
2,1,2,2,1,1,610,2
4,3,4,3,2,3,610,3
3,3,3,2,2,2,611,1
2,2,2,1,1,1,611,2
4,4,4,3,3,3,611,3
3,3,3,3,2,2,612,1
2,1,2,2,1,1,612,2
4,4,4,4,2,3,612,3
3,3,3,3,2,2,613,1
2,2,2,2,1,1,613,2
4,4,4,4,3,3,613,3
3,3,3,2,2,2,614,1
2,2,3,1,1,1,614,2
3,3,4,3,2,3,614,3
3,2,3,3,2,2,615,1
1,0,1,2,0,1,615,2
4,3,4,4,2,3,615,3
3,2,3,3,2,2,616,1
2,1,2,2,1,1,616,2
3,3,4,4,2,3,616,3
3,2,3,2,2,1,617,1
2,1,2,1,1,1,617,2
4,3,4,3,3,2,617,3
3,3,3,3,3,1,618,1
2,1,2,2,2,1,618,2
4,4,4,4,3,2,618,3
2,3,3,3,2,2,619,1
1,1,2,3,1,1,619,2
3,3,3,3,2,3,619,3
3,2,3,3,2,1,620,1
2,1,2,2,1,1,620,2
3,3,4,4,2,2,620,3
3,2,3,3,2,1,621,1
2,1,2,2,1,1,621,2
4,3,4,4,3,3,621,3
3,3,3,2,2,1,622,1
2,2,2,1,1,0,622,2
4,4,4,4,3,3,622,3
3,3,3,3,2,2,623,1
2,1,2,3,1,1,623,2
4,3,4,4,2,3,623,3
3,3,3,3,2,2,624,1
2,2,2,1,1,1,624,2
3,3,4,4,2,3,624,3
3,2,2,3,2,2,625,1
2,1,1,2,1,1,625,2
3,2,3,3,3,2,625,3
2,3,3,3,2,1,626,1
1,1,1,2,0,0,626,2
3,3,3,4,2,3,626,3
3,2,3,2,1,2,627,1
2,1,2,1,0,1,627,2
3,3,4,3,2,3,627,3
2,2,3,3,1,2,628,1
1,1,2,2,0,1,628,2
3,3,4,4,2,3,628,3
3,2,3,3,2,2,629,1
2,1,2,2,1,1,629,2
4,3,4,4,2,3,629,3
3,3,3,2,2,2,630,1
2,2,2,1,1,1,630,2
4,3,3,3,4,2,630,3
3,3,3,3,2,2,631,1
2,1,2,2,1,1,631,2
4,4,3,4,3,3,631,3
2,2,3,3,2,2,632,1
1,1,2,2,1,1,632,2
3,3,4,4,3,3,632,3
3,2,3,3,2,2,633,1
2,1,2,2,1,1,633,2
4,3,4,4,2,3,633,3
3,2,3,3,2,2,634,1
2,1,2,2,0,1,634,2
3,3,3,4,1,3,634,3
3,2,3,2,2,2,635,1
2,1,2,1,1,1,635,2
3,2,4,3,3,3,635,3
3,2,3,3,2,2,636,1
2,1,2,2,0,1,636,2
4,3,4,4,2,3,636,3
3,3,3,3,2,2,637,1
2,1,2,2,1,1,637,2
4,3,4,4,2,3,637,3
3,2,3,3,2,2,638,1
2,1,2,3,1,1,638,2
4,3,4,4,3,4,638,3
3,2,3,3,2,2,639,1
2,1,2,2,1,1,639,2
4,3,4,4,2,3,639,3
3,2,3,3,2,2,640,1
2,1,2,2,1,1,640,2
4,3,4,4,2,3,640,3
3,2,3,2,2,1,641,1
2,1,2,1,1,1,641,2
3,2,4,3,2,2,641,3
3,3,3,3,2,2,642,1
2,2,2,2,1,2,642,2
4,3,4,4,2,3,642,3
3,3,4,3,2,2,643,1
2,1,3,2,1,1,643,2
4,3,4,3,3,3,643,3
2,3,3,2,2,2,644,1
2,1,2,1,1,1,644,2
3,3,4,3,3,3,644,3
3,3,3,2,2,1,645,1
2,2,2,1,1,1,645,2
4,4,4,3,2,3,645,3
3,3,4,3,2,2,646,1
2,2,3,3,1,3,646,2
4,4,4,4,2,3,646,3
3,3,3,3,2,2,647,1
2,2,2,2,1,1,647,2
4,4,4,4,3,3,647,3
3,2,3,3,2,1,648,1
2,1,2,2,1,1,648,2
4,3,4,4,3,2,648,3
3,2,3,3,2,2,649,1
2,1,2,3,1,1,649,2
4,3,4,4,3,3,649,3
3,2,3,3,2,2,650,1
2,1,2,2,1,1,650,2
4,3,4,4,3,3,650,3
3,3,3,3,2,2,651,1
2,1,2,2,1,1,651,2
4,3,4,4,2,3,651,3
3,3,2,3,2,2,652,1
2,1,1,2,1,1,652,2
4,3,3,4,3,3,652,3
3,3,3,2,2,3,653,1
2,2,2,1,1,1,653,2
4,4,4,3,2,3,653,3
3,3,3,3,2,2,654,1
2,2,2,2,1,1,654,2
4,4,3,3,2,3,654,3
3,3,3,3,2,2,655,1
1,1,2,2,1,1,655,2
4,4,4,4,3,3,655,3
3,2,3,2,3,2,656,1
2,1,2,1,1,1,656,2
4,3,4,3,4,3,656,3
3,2,3,3,2,1,657,1
2,1,2,2,1,1,657,2
4,3,4,4,3,3,657,3
2,3,3,3,2,1,658,1
1,2,2,2,1,1,658,2
3,4,4,4,3,3,658,3
3,2,4,3,2,2,659,1
2,1,3,2,1,1,659,2
4,3,4,3,2,3,659,3
3,2,3,2,2,1,660,1
2,1,2,1,1,1,660,2
4,3,4,3,3,2,660,3
3,2,3,3,2,2,661,1
2,1,2,2,1,1,661,2
4,3,4,4,3,3,661,3
3,2,3,3,2,2,662,1
2,1,2,2,1,1,662,2
4,3,4,4,3,3,662,3
2,3,3,3,2,2,663,1
1,1,2,2,1,1,663,2
3,3,4,4,3,3,663,3
3,2,3,3,2,2,664,1
2,1,2,3,1,1,664,2
4,3,4,4,2,3,664,3
3,3,3,3,2,2,665,1
2,2,2,2,1,1,665,2
4,4,4,4,3,3,665,3
3,2,3,2,2,1,666,1
2,1,2,1,1,1,666,2
4,3,4,3,3,2,666,3
3,3,4,3,2,2,667,1
2,2,3,2,1,1,667,2
4,4,4,4,3,3,667,3
3,3,3,2,2,2,668,1
2,2,2,1,1,1,668,2
4,3,3,3,3,3,668,3
3,2,3,3,2,2,669,1
2,1,2,2,1,1,669,2
3,3,4,4,3,3,669,3
3,2,3,2,2,1,670,1
2,1,2,1,1,1,670,2
4,3,4,3,3,3,670,3
3,3,3,2,2,1,671,1
2,2,2,1,1,0,671,2
4,4,4,3,3,2,671,3
2,2,3,2,2,2,672,1
1,1,1,2,1,1,672,2
3,3,3,3,3,3,672,3
3,3,3,3,2,2,673,1
2,1,1,2,1,1,673,2
4,3,4,4,3,3,673,3
2,3,3,3,2,2,674,1
1,1,2,2,1,1,674,2
3,2,4,4,2,3,674,3
3,3,4,3,2,1,675,1
2,1,3,2,1,0,675,2
4,3,4,4,2,3,675,3
3,2,4,3,3,2,676,1
2,1,3,2,2,1,676,2
4,3,4,4,3,3,676,3
3,3,3,2,2,2,677,1
1,1,2,1,1,1,677,2
4,3,3,3,2,3,677,3
3,2,3,3,2,2,678,1
2,1,2,2,1,2,678,2
4,3,4,4,2,3,678,3
3,2,4,3,3,2,679,1
1,1,3,2,2,1,679,2
3,3,4,4,4,3,679,3
3,3,3,3,2,2,680,1
2,2,2,3,2,1,680,2
3,3,4,4,2,3,680,3
3,2,3,2,1,2,681,1
2,1,2,2,0,1,681,2
4,3,4,3,2,3,681,3
3,3,2,3,2,2,682,1
2,2,1,2,1,1,682,2
4,3,3,3,2,3,682,3
3,2,3,3,2,2,683,1
2,1,2,2,1,1,683,2
4,3,4,4,3,3,683,3
3,2,3,3,2,1,684,1
1,1,2,2,1,0,684,2
4,3,4,4,3,2,684,3
3,3,3,3,2,2,685,1
2,2,2,2,1,1,685,2
4,4,4,4,3,3,685,3
3,3,3,2,2,2,686,1
2,2,2,1,1,1,686,2
4,4,4,3,2,3,686,3
3,3,3,3,2,1,687,1
2,2,2,3,1,1,687,2
4,3,4,4,3,3,687,3
3,2,3,3,2,1,688,1
2,1,2,2,1,0,688,2
4,3,4,3,2,1,688,3
3,3,3,2,2,2,689,1
2,2,2,1,1,1,689,2
4,3,4,3,3,3,689,3
3,2,3,3,2,2,690,1
2,1,2,2,1,1,690,2
4,3,4,4,3,3,690,3
2,3,3,2,1,2,691,1
1,2,2,1,0,1,691,2
3,3,4,4,2,3,691,3
3,2,3,2,2,2,692,1
2,1,2,1,1,1,692,2
3,2,4,3,3,3,692,3
3,2,3,3,2,2,693,1
2,1,2,2,1,0,693,2
4,3,4,4,3,3,693,3
2,3,3,3,2,2,694,1
1,2,2,2,1,1,694,2
3,3,4,4,3,3,694,3
3,2,3,3,1,2,695,1
2,1,2,2,0,1,695,2
4,3,4,4,2,3,695,3
3,3,3,3,2,1,696,1
2,1,2,2,1,0,696,2
4,4,4,4,3,2,696,3
2,3,3,3,2,2,697,1
1,1,2,2,1,1,697,2
3,2,3,3,2,2,697,3
3,3,4,3,2,2,698,1
2,2,3,2,1,1,698,2
4,3,3,4,2,3,698,3
3,2,3,3,2,2,699,1
2,1,2,2,1,2,699,2
4,3,4,3,1,3,699,3
2,3,3,3,2,1,700,1
1,1,2,2,1,1,700,2
3,3,3,3,3,2,700,3
3,2,3,3,2,2,701,1
2,1,2,2,1,1,701,2
4,3,4,4,2,3,701,3
3,2,3,3,2,1,702,1
2,1,2,2,1,1,702,2
4,3,4,4,2,3,702,3
3,2,3,2,2,2,703,1
2,1,2,1,1,1,703,2
3,2,4,3,3,3,703,3
3,3,3,2,2,2,704,1
2,1,2,1,1,1,704,2
4,3,4,3,3,3,704,3
3,3,3,3,2,2,705,1
2,1,2,2,1,1,705,2
4,3,3,4,3,3,705,3
3,2,3,3,2,2,706,1
2,1,2,3,1,1,706,2
3,2,4,4,2,3,706,3
3,2,3,3,3,2,707,1
2,1,2,2,2,1,707,2
4,3,4,4,3,3,707,3
3,3,3,3,2,2,708,1
2,2,1,2,1,1,708,2
4,3,4,4,3,3,708,3
3,2,3,3,2,1,709,1
2,1,2,2,1,1,709,2
4,3,4,4,2,3,709,3
3,3,4,3,3,2,710,1
2,1,2,2,1,1,710,2
4,4,4,4,3,3,710,3
3,2,3,3,2,2,711,1
1,1,2,2,1,1,711,2
4,3,4,4,3,3,711,3
3,2,3,3,2,1,712,1
2,1,2,3,1,1,712,2
3,2,4,4,2,3,712,3
3,3,3,3,2,2,713,1
2,2,2,2,1,1,713,2
4,3,4,4,3,3,713,3
3,3,3,2,2,2,714,1
2,1,2,2,1,1,714,2
3,3,4,3,2,3,714,3
3,2,3,3,1,2,715,1
2,1,2,2,0,1,715,2
4,3,4,4,2,3,715,3
3,3,3,3,2,2,716,1
2,2,2,2,1,1,716,2
4,4,4,4,3,3,716,3
3,3,3,3,2,2,717,1
2,2,2,2,1,1,717,2
4,3,4,4,3,3,717,3
3,3,4,3,2,2,718,1
2,2,2,1,1,1,718,2
4,3,4,4,3,3,718,3
3,3,3,2,2,1,719,1
2,1,2,1,0,1,719,2
4,3,4,3,2,3,719,3
3,2,3,3,2,1,720,1
2,1,2,2,1,1,720,2
4,3,4,4,2,3,720,3
3,3,3,2,2,2,721,1
2,2,2,2,1,1,721,2
4,4,3,3,2,2,721,3
3,3,3,3,1,2,722,1
2,2,2,2,0,1,722,2
4,4,3,3,1,3,722,3
3,3,3,3,2,2,723,1
2,2,2,1,1,1,723,2
4,4,4,4,3,3,723,3
3,2,3,3,2,2,724,1
2,1,2,2,1,1,724,2
3,2,4,4,3,3,724,3
3,3,3,3,3,2,725,1
2,2,2,3,1,2,725,2
3,3,4,4,3,3,725,3
3,3,4,3,3,2,726,1
2,2,3,2,1,1,726,2
4,4,4,4,3,3,726,3
3,3,3,3,2,2,727,1
2,2,2,2,1,1,727,2
4,4,4,4,3,3,727,3
3,3,3,2,2,2,728,1
2,1,2,2,1,1,728,2
4,3,4,3,2,3,728,3
2,3,3,3,2,1,729,1
1,2,2,2,1,1,729,2
3,3,4,4,3,2,729,3
3,3,3,3,2,2,730,1
2,2,2,3,1,1,730,2
4,3,4,4,3,3,730,3
2,3,4,3,2,1,731,1
1,2,3,2,1,1,731,2
3,3,4,4,3,3,731,3
3,3,3,3,2,2,732,1
2,1,2,2,1,1,732,2
4,3,4,3,2,3,732,3
3,3,3,3,2,2,733,1
2,1,2,2,1,1,733,2
4,3,4,4,2,3,733,3
3,2,3,3,2,1,734,1
2,1,2,2,1,1,734,2
4,3,4,4,3,3,734,3
3,3,3,2,3,2,735,1
2,2,2,1,1,1,735,2
4,4,3,3,3,3,735,3
3,3,3,3,2,2,736,1
2,1,2,2,1,1,736,2
4,4,4,4,3,3,736,3
3,2,3,2,1,2,737,1
2,1,1,2,0,1,737,2
4,3,3,3,2,3,737,3
3,3,4,3,2,2,738,1
2,1,3,2,1,1,738,2
4,3,4,4,2,3,738,3
3,3,3,3,2,2,739,1
2,1,2,2,1,1,739,2
4,4,4,4,3,3,739,3
3,2,3,3,2,1,740,1
2,1,2,2,1,0,740,2
4,3,4,4,3,2,740,3
3,3,3,3,2,2,741,1
1,1,1,2,0,1,741,2
4,3,4,4,2,3,741,3
3,3,3,3,2,2,742,1
2,1,2,3,1,1,742,2
4,3,4,4,3,3,742,3
3,3,3,3,2,2,743,1
2,1,2,2,1,1,743,2
3,2,4,4,2,3,743,3
3,2,3,2,3,1,744,1
2,1,2,1,2,0,744,2
4,3,4,3,4,2,744,3
3,3,3,3,2,2,745,1
2,2,2,2,1,1,745,2
4,4,4,4,3,3,745,3
3,2,3,3,2,1,746,1
2,1,2,2,1,1,746,2
4,3,4,4,3,2,746,3
3,3,4,3,2,1,747,1
2,1,3,2,1,0,747,2
4,3,4,4,3,2,747,3
3,2,3,3,2,2,748,1
2,1,2,2,1,1,748,2
4,3,4,4,3,3,748,3
3,2,3,3,2,2,749,1
2,1,2,2,1,1,749,2
4,3,4,4,3,3,749,3
3,3,3,3,2,2,750,1
2,2,2,2,1,1,750,2
4,3,4,4,2,3,750,3
3,2,3,3,3,2,751,1
2,1,2,2,2,1,751,2
4,3,4,4,3,3,751,3
3,3,3,3,2,2,752,1
2,1,2,2,1,1,752,2
4,4,3,3,2,3,752,3
3,2,3,2,2,2,753,1
2,1,2,2,1,1,753,2
4,3,4,4,2,3,753,3
3,2,3,3,2,2,754,1
2,1,1,2,1,1,754,2
4,3,4,4,3,3,754,3
3,3,3,3,2,2,755,1
2,2,2,2,1,1,755,2
4,4,4,4,3,3,755,3
3,2,3,3,2,2,756,1
2,1,2,2,1,1,756,2
4,3,4,4,3,3,756,3
3,2,3,2,2,2,757,1
2,1,2,2,1,1,757,2
4,3,4,4,2,3,757,3
3,2,3,3,2,2,758,1
2,1,2,2,1,2,758,2
4,3,4,4,3,3,758,3
3,2,3,2,2,1,759,1
2,1,2,1,1,1,759,2
3,2,3,3,2,2,759,3
3,2,3,3,2,1,760,1
2,1,2,2,1,0,760,2
4,3,4,4,3,2,760,3
3,2,3,3,2,2,761,1
2,1,2,2,1,1,761,2
4,3,4,4,3,3,761,3
3,3,4,3,3,2,762,1
2,1,3,2,2,1,762,2
4,3,4,4,2,3,762,3
3,3,3,3,2,2,763,1
2,2,1,2,1,1,763,2
4,3,4,4,3,3,763,3
3,2,3,3,2,2,764,1
2,1,2,2,1,1,764,2
4,3,4,4,3,3,764,3
3,3,3,3,2,2,765,1
2,2,2,2,1,1,765,2
4,3,4,4,2,3,765,3
2,1,3,2,2,1,766,1
1,0,2,1,2,1,766,2
3,3,4,3,3,3,766,3
3,3,3,3,2,2,767,1
2,2,2,2,1,1,767,2
4,3,3,4,2,3,767,3
3,3,4,3,2,2,768,1
2,1,3,2,1,1,768,2
4,4,4,4,3,3,768,3
3,3,3,3,2,2,769,1
2,2,2,2,1,1,769,2
4,4,4,4,3,3,769,3
3,3,3,2,2,1,770,1
2,1,2,1,1,1,770,2
4,3,4,3,2,2,770,3
3,2,3,3,2,2,771,1
2,1,2,2,1,1,771,2
4,3,4,4,3,3,771,3
3,3,3,2,1,2,772,1
1,1,2,1,1,1,772,2
3,2,3,3,2,2,772,3
3,2,3,2,2,1,773,1
2,1,2,1,1,0,773,2
4,3,4,3,3,2,773,3
3,2,3,2,2,1,774,1
2,1,2,1,0,1,774,2
4,3,4,3,2,3,774,3
3,3,3,3,2,2,775,1
2,2,2,2,1,1,775,2
4,4,4,4,3,3,775,3
3,2,3,3,2,1,776,1
2,1,2,2,1,1,776,2
4,3,4,4,2,3,776,3
3,3,3,3,2,2,777,1
2,2,2,2,1,1,777,2
4,3,4,3,2,3,777,3
3,3,4,3,3,2,778,1
2,2,3,2,2,1,778,2
4,4,4,4,3,3,778,3
3,2,3,3,2,2,779,1
2,1,2,2,1,1,779,2
3,3,4,4,3,3,779,3
3,2,3,2,1,2,780,1
2,1,2,1,0,1,780,2
3,2,4,3,1,3,780,3
3,3,3,3,2,2,781,1
2,2,2,2,1,1,781,2
4,4,4,4,3,3,781,3
3,3,3,3,2,2,782,1
2,2,1,2,1,1,782,2
4,3,4,4,2,3,782,3
3,3,3,3,2,2,783,1
2,1,2,2,1,1,783,2
4,3,4,4,3,3,783,3
3,2,3,2,2,2,784,1
2,1,2,1,1,1,784,2
3,3,3,3,3,3,784,3
3,3,4,3,2,1,785,1
2,2,3,2,1,1,785,2
3,3,4,4,3,2,785,3
3,2,3,3,2,2,786,1
2,1,2,2,1,1,786,2
4,3,4,4,2,3,786,3
3,2,3,2,2,2,787,1
2,1,2,1,1,2,787,2
3,3,4,3,3,3,787,3
3,2,3,3,2,2,788,1
2,1,2,3,1,1,788,2
4,3,4,4,3,3,788,3
3,3,3,3,2,2,789,1
2,1,2,2,1,1,789,2
3,3,4,4,2,3,789,3
3,3,3,3,2,2,790,1
2,2,2,2,1,1,790,2
4,4,4,4,2,3,790,3
3,2,3,3,2,1,791,1
2,1,2,2,1,1,791,2
4,3,4,4,3,3,791,3
3,2,3,3,2,2,792,1
2,1,2,2,1,1,792,2
4,3,4,4,3,3,792,3
3,2,3,3,2,2,793,1
2,1,2,3,1,1,793,2
4,3,4,4,3,3,793,3
3,3,3,3,2,2,794,1
2,1,2,2,1,1,794,2
4,3,4,4,2,3,794,3
3,3,3,3,2,2,795,1
2,1,2,2,1,1,795,2
4,3,4,4,2,3,795,3
3,2,3,3,2,2,796,1
2,1,2,2,1,1,796,2
4,3,4,4,2,3,796,3
3,2,3,3,2,2,797,1
2,1,2,2,1,1,797,2
4,3,4,4,2,3,797,3
3,3,3,3,2,2,798,1
2,1,2,2,1,1,798,2
4,4,4,4,3,3,798,3
3,3,3,2,2,1,799,1
2,2,2,1,1,0,799,2
4,4,4,3,3,2,799,3
2,2,3,3,2,2,800,1
1,1,2,2,1,1,800,2
3,3,4,4,3,3,800,3
3,3,3,2,2,2,801,1
2,2,2,2,1,1,801,2
3,3,4,4,2,3,801,3
3,2,3,3,2,2,802,1
2,1,2,2,1,1,802,2
4,3,4,4,3,3,802,3
3,2,3,3,2,2,803,1
2,1,2,2,1,1,803,2
3,2,4,4,2,3,803,3
3,3,3,2,2,1,804,1
2,1,2,2,1,0,804,2
4,4,3,3,2,2,804,3
3,3,3,2,2,1,805,1
2,1,2,2,1,0,805,2
3,3,3,3,2,2,805,3
3,2,3,2,2,1,806,1
2,1,2,1,1,1,806,2
4,3,4,3,3,3,806,3
3,3,3,3,2,2,807,1
2,2,2,3,1,1,807,2
4,3,4,4,2,3,807,3
3,2,3,3,3,2,808,1
2,1,2,2,2,1,808,2
4,3,4,4,3,3,808,3
3,2,3,2,2,2,809,1
2,1,2,1,1,1,809,2
4,3,4,3,3,3,809,3
3,2,3,3,2,2,810,1
2,1,2,2,1,1,810,2
4,3,4,4,3,3,810,3
3,3,3,2,2,1,811,1
2,1,2,1,1,0,811,2
4,4,4,3,3,2,811,3
3,3,3,3,2,2,812,1
2,2,2,2,1,1,812,2
4,4,4,4,3,3,812,3
3,2,3,3,2,2,813,1
2,1,2,2,1,1,813,2
3,3,4,4,2,3,813,3
3,2,3,3,2,2,814,1
2,1,1,2,1,1,814,2
4,3,4,4,3,3,814,3
3,3,3,3,2,1,815,1
2,1,2,3,1,1,815,2
3,3,4,4,2,3,815,3
3,3,3,3,2,2,816,1
2,1,2,2,1,1,816,2
4,3,4,4,3,3,816,3
3,2,3,2,2,2,817,1
2,1,2,1,1,1,817,2
4,3,3,4,3,3,817,3
3,2,3,3,2,2,818,1
2,1,2,2,1,1,818,2
4,3,4,4,3,3,818,3
3,2,3,3,2,2,819,1
2,1,2,2,1,1,819,2
4,3,4,4,3,3,819,3
3,3,3,3,3,2,820,1
2,1,2,2,1,0,820,2
3,3,4,4,3,3,820,3
3,2,3,2,2,2,821,1
2,1,2,1,1,1,821,2
4,3,4,3,2,3,821,3
3,3,3,3,2,2,822,1
2,1,2,2,1,1,822,2
4,3,4,4,3,3,822,3
3,3,3,3,2,2,823,1
2,2,2,2,1,1,823,2
4,4,4,4,2,3,823,3
3,2,3,3,2,2,824,1
2,1,2,2,0,1,824,2
4,3,4,4,2,3,824,3
3,3,3,3,2,2,825,1
2,1,2,2,1,1,825,2
4,4,4,4,3,3,825,3
3,3,3,2,2,2,826,1
2,1,2,2,1,1,826,2
4,4,4,3,3,3,826,3
3,3,3,2,2,2,827,1
2,1,2,1,1,1,827,2
4,3,4,3,3,3,827,3
3,3,3,3,2,2,828,1
2,2,2,2,1,1,828,2
4,4,4,4,3,3,828,3
3,3,3,3,2,2,829,1
2,2,2,2,1,1,829,2
4,3,4,4,2,3,829,3
3,3,3,2,2,2,830,1
2,1,2,1,1,1,830,2
4,3,4,3,2,3,830,3
3,3,3,2,2,1,831,1
2,1,2,1,1,0,831,2
4,3,4,3,2,2,831,3
3,3,3,3,2,1,832,1
2,2,2,2,1,0,832,2
4,4,4,4,3,2,832,3
3,2,3,3,2,2,833,1
1,1,2,2,1,1,833,2
4,3,4,4,3,3,833,3
3,3,4,3,2,2,834,1
2,1,3,2,1,1,834,2
3,3,4,4,2,3,834,3
3,3,3,2,2,2,835,1
2,2,2,1,1,1,835,2
4,4,4,3,2,3,835,3
3,3,3,3,2,2,836,1
2,1,2,3,1,0,836,2
4,3,4,4,3,3,836,3
3,3,4,3,4,2,837,1
2,1,3,2,3,1,837,2
4,3,4,4,4,3,837,3
3,2,4,3,2,2,838,1
2,1,3,2,1,1,838,2
4,3,4,4,2,3,838,3
3,2,3,2,1,2,839,1
2,1,2,2,0,1,839,2
3,3,4,3,2,2,839,3
3,2,3,3,2,2,840,1
2,1,2,2,1,1,840,2
4,3,4,4,2,3,840,3
3,2,3,3,2,1,841,1
2,1,1,2,1,1,841,2
4,3,4,4,3,3,841,3
3,3,3,3,2,2,842,1
2,2,1,2,1,1,842,2
4,3,4,3,2,3,842,3
3,3,3,3,2,1,843,1
2,1,2,2,1,1,843,2
4,3,4,3,3,2,843,3
3,2,3,2,2,1,844,1
2,1,2,1,1,0,844,2
4,3,4,3,3,2,844,3
3,2,3,3,2,1,845,1
2,1,2,2,1,0,845,2
4,3,4,4,3,2,845,3
3,3,3,3,2,2,846,1
2,2,2,2,1,1,846,2
3,3,4,4,2,3,846,3
3,3,4,3,4,2,847,1
2,2,3,2,3,1,847,2
4,4,4,4,4,3,847,3
3,2,3,2,3,2,848,1
2,1,2,1,2,1,848,2
4,3,4,3,3,3,848,3
3,3,4,3,2,2,849,1
2,2,3,2,1,1,849,2
4,4,4,4,3,3,849,3
3,2,3,3,1,2,850,1
2,1,2,2,0,1,850,2
3,3,4,4,2,3,850,3
3,3,4,3,3,2,851,1
2,1,3,2,2,1,851,2
4,3,4,4,4,3,851,3
3,3,3,3,2,2,852,1
2,1,2,3,1,1,852,2
4,3,4,4,2,3,852,3
3,2,3,2,2,2,853,1
1,1,1,2,1,0,853,2
3,3,3,3,3,3,853,3
3,3,3,3,2,2,854,1
2,2,1,2,1,2,854,2
3,3,4,4,2,3,854,3
3,3,3,3,2,2,855,1
2,1,2,3,2,1,855,2
4,3,4,4,2,3,855,3
3,2,3,3,2,2,856,1
2,1,2,2,1,1,856,2
4,3,4,4,2,3,856,3
3,3,3,2,2,2,857,1
2,1,2,1,0,1,857,2
3,3,3,3,3,2,857,3
3,3,3,3,2,2,858,1
2,2,2,2,1,1,858,2
4,4,4,4,3,3,858,3
3,2,3,3,2,2,859,1
2,1,2,2,1,1,859,2
4,3,4,4,3,3,859,3
3,2,3,3,2,2,860,1
2,1,2,2,1,0,860,2
4,3,4,4,2,3,860,3
3,3,4,4,3,2,861,1
2,2,3,3,1,2,861,2
4,3,4,4,3,3,861,3
3,3,3,3,2,1,862,1
2,2,3,2,1,1,862,2
4,3,4,4,3,3,862,3
3,2,3,3,2,2,863,1
2,1,2,2,1,1,863,2
4,3,4,4,3,3,863,3
3,3,3,3,2,1,864,1
2,1,2,3,1,1,864,2
4,3,4,4,3,3,864,3
3,3,3,3,2,2,865,1
2,1,2,2,1,2,865,2
4,3,4,4,3,3,865,3
3,2,3,3,2,2,866,1
2,1,2,2,1,1,866,2
4,3,4,4,3,3,866,3
3,3,3,3,2,2,867,1
2,1,3,2,1,1,867,2
3,3,4,4,2,3,867,3
3,3,3,3,2,2,868,1
2,1,2,2,1,1,868,2
3,3,4,4,2,3,868,3
3,3,3,3,2,2,869,1
2,1,2,2,1,1,869,2
4,3,4,4,2,3,869,3
3,3,3,2,2,2,870,1
2,1,2,1,1,1,870,2
4,4,3,3,2,3,870,3
3,2,3,3,2,2,871,1
2,1,1,2,1,1,871,2
4,3,4,4,3,3,871,3
3,2,3,2,2,1,872,1
2,1,2,1,1,1,872,2
3,3,3,3,3,3,872,3
3,3,3,3,2,2,873,1
2,2,2,2,1,1,873,2
4,4,4,4,3,3,873,3
3,2,3,3,2,2,874,1
2,1,2,3,1,1,874,2
4,3,4,4,2,3,874,3
3,2,3,3,2,1,875,1
2,1,2,2,1,0,875,2
4,3,4,4,3,2,875,3
3,3,3,3,2,2,876,1
2,1,2,2,1,1,876,2
4,3,4,4,2,3,876,3
3,3,3,3,2,2,877,1
2,1,2,2,1,1,877,2
4,3,4,4,3,3,877,3
3,3,4,3,2,2,878,1
2,1,2,1,1,1,878,2
4,3,3,4,3,3,878,3
2,2,3,3,3,2,879,1
1,1,1,2,2,1,879,2
3,2,3,3,4,3,879,3
3,2,3,2,1,2,880,1
2,1,2,2,0,1,880,2
3,2,3,3,2,3,880,3
3,3,3,2,2,2,881,1
2,1,2,1,1,1,881,2
4,3,4,3,3,3,881,3
3,2,3,2,2,2,882,1
1,1,2,1,1,1,882,2
4,3,4,3,2,3,882,3
3,3,3,2,1,2,883,1
2,2,3,2,0,1,883,2
3,3,4,4,1,3,883,3
3,3,3,3,2,2,884,1
2,1,2,2,1,1,884,2
4,3,4,4,2,3,884,3
3,3,3,3,2,2,885,1
2,1,2,2,1,1,885,2
4,4,3,3,3,3,885,3
3,2,3,3,2,2,886,1
2,1,2,3,1,1,886,2
4,3,4,4,3,3,886,3
3,2,3,3,2,2,887,1
2,1,2,2,1,1,887,2
3,2,4,4,3,3,887,3
3,2,3,3,2,2,888,1
2,1,2,2,1,1,888,2
4,3,4,4,2,3,888,3
3,3,3,3,2,2,889,1
2,2,2,2,1,1,889,2
4,4,4,4,3,3,889,3
3,3,3,3,2,2,890,1
1,1,1,2,1,1,890,2
4,3,4,4,2,3,890,3
3,2,3,3,2,1,891,1
2,1,2,2,1,1,891,2
4,3,4,4,3,2,891,3
3,3,3,3,2,2,892,1
2,1,2,2,1,1,892,2
4,3,4,4,3,3,892,3
3,3,4,3,2,2,893,1
2,2,3,3,1,1,893,2
4,4,4,4,3,3,893,3
3,3,4,3,3,2,894,1
1,1,2,2,1,0,894,2
4,4,3,4,3,3,894,3
3,2,3,3,2,2,895,1
2,1,2,2,1,1,895,2
4,3,4,4,2,3,895,3
3,3,3,3,2,2,896,1
2,2,2,2,1,1,896,2
4,3,4,4,2,3,896,3
3,3,3,3,2,2,897,1
2,2,2,2,1,1,897,2
4,4,4,4,3,3,897,3
2,3,3,2,2,2,898,1
1,2,2,2,1,1,898,2
3,4,3,3,2,3,898,3
3,3,3,3,3,2,899,1
2,2,2,2,1,2,899,2
4,4,4,4,3,3,899,3
3,3,4,3,2,2,900,1
2,2,3,2,1,1,900,2
4,4,4,4,3,3,900,3
3,2,3,3,2,1,901,1
1,1,1,2,0,0,901,2
4,3,4,4,3,2,901,3
3,3,3,3,2,2,902,1
2,2,2,2,1,1,902,2
4,4,4,4,3,3,902,3
3,3,3,3,2,2,903,1
2,1,2,2,1,1,903,2
4,4,4,4,3,3,903,3
3,2,3,3,2,2,904,1
2,1,2,2,1,1,904,2
3,2,4,4,2,3,904,3
3,3,3,3,2,2,905,1
2,1,2,2,1,2,905,2
4,3,4,4,3,3,905,3
3,3,3,3,2,2,906,1
2,1,2,2,1,1,906,2
3,3,4,4,2,3,906,3
3,3,3,3,2,2,907,1
2,2,3,3,1,2,907,2
3,3,4,4,2,3,907,3
3,3,3,3,2,2,908,1
2,1,1,2,1,0,908,2
4,4,4,4,3,3,908,3
3,3,3,3,2,2,909,1
2,1,2,2,1,1,909,2
4,3,4,4,2,3,909,3
3,3,3,2,2,2,910,1
2,1,2,1,1,1,910,2
4,4,4,3,2,3,910,3
3,3,3,3,2,2,911,1
2,1,1,2,1,1,911,2
4,3,4,4,3,3,911,3
3,3,3,3,2,2,912,1
2,2,2,2,1,1,912,2
4,4,4,4,2,3,912,3
3,3,3,3,2,2,913,1
2,1,2,2,1,1,913,2
3,3,4,4,2,3,913,3
3,3,4,3,3,2,914,1
2,2,3,2,2,1,914,2
4,4,4,4,3,3,914,3
3,3,3,3,3,2,915,1
2,2,1,2,1,0,915,2
4,4,3,4,4,3,915,3
3,3,3,3,2,2,916,1
2,1,2,2,1,1,916,2
4,4,4,4,3,3,916,3
3,3,4,3,2,2,917,1
2,2,2,2,1,1,917,2
4,4,3,4,3,3,917,3
3,3,3,3,2,2,918,1
2,2,2,2,1,1,918,2
4,4,4,4,3,3,918,3
3,2,3,3,1,2,919,1
2,1,2,2,0,1,919,2
3,2,4,3,1,3,919,3
3,2,3,3,2,2,920,1
2,1,2,2,1,1,920,2
4,3,4,4,2,3,920,3
3,2,3,3,2,2,921,1
2,1,2,3,1,1,921,2
4,3,4,4,3,3,921,3
3,3,3,3,1,2,922,1
2,2,2,2,0,1,922,2
4,3,4,4,2,3,922,3
3,2,3,2,2,2,923,1
2,1,2,1,1,1,923,2
4,3,4,3,3,3,923,3
3,2,3,3,2,2,924,1
2,1,2,2,1,1,924,2
4,3,4,4,3,3,924,3
3,3,3,2,2,2,925,1
2,1,2,2,1,1,925,2
4,3,4,4,3,3,925,3
3,3,3,3,2,2,926,1
2,2,2,2,1,1,926,2
4,3,4,4,2,3,926,3
3,3,3,3,2,2,927,1
2,1,2,3,1,1,927,2
4,3,4,4,2,3,927,3
3,2,3,3,2,2,928,1
2,1,2,2,1,1,928,2
3,2,4,4,2,3,928,3
3,2,3,3,2,2,929,1
2,1,2,2,1,1,929,2
4,3,4,4,3,3,929,3
3,3,3,3,2,2,930,1
2,2,2,2,1,1,930,2
4,3,4,4,3,3,930,3
3,2,3,3,2,2,931,1
2,1,2,2,1,1,931,2
4,3,4,4,3,3,931,3
3,3,4,3,2,2,932,1
2,2,3,2,1,1,932,2
4,4,4,4,3,3,932,3
3,3,4,3,2,2,933,1
2,2,3,2,1,1,933,2
4,4,4,4,2,3,933,3
3,3,3,3,2,2,934,1
2,1,2,3,1,1,934,2
4,3,4,4,3,3,934,3
3,3,3,3,2,1,935,1
2,2,2,2,1,0,935,2
4,3,4,4,3,2,935,3
3,3,4,3,2,2,936,1
2,1,3,2,1,1,936,2
3,3,4,3,2,3,936,3
3,2,3,2,1,2,937,1
2,1,2,1,0,1,937,2
4,3,4,3,2,3,937,3
3,3,3,3,2,2,938,1
2,2,1,2,1,1,938,2
4,4,4,4,2,3,938,3
3,3,3,3,2,2,939,1
2,2,2,2,1,1,939,2
4,4,4,4,3,3,939,3
3,3,3,3,2,2,940,1
2,1,1,2,0,1,940,2
4,3,4,4,2,3,940,3
3,3,3,3,2,1,941,1
2,1,2,2,1,0,941,2
4,3,4,4,2,3,941,3
3,3,3,3,2,2,942,1
2,2,3,2,1,3,942,2
4,4,4,4,3,3,942,3
3,2,3,3,2,2,943,1
2,1,2,2,1,1,943,2
4,3,4,4,3,3,943,3
3,2,3,2,2,2,944,1
2,1,2,1,1,2,944,2
4,3,4,3,2,3,944,3
3,3,4,3,3,2,945,1
2,2,3,2,1,1,945,2
4,3,4,4,3,3,945,3
3,2,3,2,3,2,946,1
1,1,3,2,2,1,946,2
4,3,4,3,4,3,946,3
3,2,3,3,3,2,947,1
2,1,2,2,1,1,947,2
3,3,4,4,3,3,947,3
3,3,4,4,3,2,948,1
2,1,3,3,1,1,948,2
4,4,4,3,3,3,948,3
3,2,3,2,2,2,949,1
2,1,2,2,1,1,949,2
3,3,4,3,2,3,949,3
3,3,3,3,2,2,950,1
2,1,2,2,1,1,950,2
4,3,4,4,3,3,950,3
3,3,3,3,2,2,951,1
2,1,2,2,1,1,951,2
4,3,4,4,3,3,951,3
3,3,4,3,3,2,952,1
2,2,3,2,2,1,952,2
4,4,4,4,3,3,952,3
3,3,4,3,3,2,953,1
2,1,2,3,2,1,953,2
4,3,4,4,3,3,953,3
3,3,3,2,2,2,954,1
2,1,2,1,1,1,954,2
4,3,4,3,3,3,954,3
3,2,3,3,2,1,955,1
2,1,2,3,1,1,955,2
4,3,4,4,2,3,955,3
3,3,3,3,2,2,956,1
2,2,2,2,1,1,956,2
4,4,4,4,3,3,956,3
3,3,3,3,2,2,957,1
2,2,2,2,1,1,957,2
4,3,4,4,2,3,957,3
3,2,3,3,2,1,958,1
2,1,2,2,1,1,958,2
4,3,4,4,2,3,958,3
3,3,3,3,2,2,959,1
2,2,1,2,1,1,959,2
4,3,4,4,2,3,959,3
3,2,3,3,2,1,960,1
2,1,2,2,1,1,960,2
3,2,4,4,2,3,960,3
3,3,3,3,2,2,961,1
2,2,2,2,1,1,961,2
4,3,4,4,3,3,961,3
3,3,3,2,2,2,962,1
2,2,2,1,1,1,962,2
4,4,4,3,3,4,962,3
3,3,3,3,2,2,963,1
2,2,2,1,1,1,963,2
4,4,4,4,2,3,963,3
3,2,3,3,2,2,964,1
2,1,2,2,1,1,964,2
3,2,4,4,2,3,964,3
3,3,4,3,3,2,965,1
3,2,3,2,2,1,965,2
4,4,4,4,3,3,965,3
3,2,3,2,2,2,966,1
2,1,2,1,1,1,966,2
3,3,3,3,3,3,966,3
3,3,3,3,2,1,967,1
2,2,1,2,1,0,967,2
4,4,4,4,3,2,967,3
3,3,4,3,3,2,968,1
2,1,3,2,1,1,968,2
4,3,4,4,3,3,968,3
3,3,3,3,2,2,969,1
2,1,2,2,1,1,969,2
4,3,4,4,2,3,969,3
3,2,3,3,2,2,970,1
2,2,1,2,1,1,970,2
3,3,4,3,2,3,970,3
3,2,3,3,2,2,971,1
2,1,2,2,1,1,971,2
4,3,4,4,3,3,971,3
3,3,3,3,2,2,972,1
2,1,2,3,1,1,972,2
4,3,4,4,3,3,972,3
3,2,3,3,2,1,973,1
2,1,2,2,1,1,973,2
3,2,4,4,3,2,973,3
3,3,3,3,2,2,974,1
2,1,2,2,1,1,974,2
3,3,4,4,2,3,974,3
3,3,3,3,2,2,975,1
2,2,2,3,1,1,975,2
4,3,4,4,2,3,975,3
3,3,4,3,3,3,976,1
2,2,3,2,1,2,976,2
4,4,4,4,3,3,976,3
3,2,3,3,2,1,977,1
2,1,2,3,1,1,977,2
4,3,4,4,3,2,977,3
3,3,3,3,2,2,978,1
2,2,2,2,1,1,978,2
4,4,4,4,3,3,978,3
3,3,3,2,2,2,979,1
2,2,1,2,1,1,979,2
4,3,4,3,3,2,979,3
3,2,3,3,2,2,980,1
2,1,2,2,1,1,980,2
4,3,4,4,3,3,980,3
3,3,4,3,3,2,981,1
2,1,2,2,1,1,981,2
4,4,3,3,3,3,981,3
3,2,3,3,2,2,982,1
2,1,2,2,1,1,982,2
4,3,4,4,2,3,982,3
3,3,3,3,2,2,983,1
2,1,2,2,1,2,983,2
3,3,4,4,3,3,983,3
3,3,4,3,2,2,984,1
2,2,2,2,1,1,984,2
4,3,4,3,2,3,984,3
3,3,4,3,2,2,985,1
2,2,3,2,1,1,985,2
3,3,4,3,2,3,985,3
3,3,3,3,3,2,986,1
2,1,2,3,1,1,986,2
4,3,4,4,3,3,986,3
3,3,3,3,2,2,987,1
2,1,2,2,1,1,987,2
4,3,4,4,3,3,987,3
3,2,3,3,2,2,988,1
2,1,2,2,1,1,988,2
4,3,4,4,3,3,988,3
3,3,3,3,2,2,989,1
2,1,2,2,1,1,989,2
4,4,4,4,3,3,989,3
3,3,3,3,2,2,990,1
1,2,1,2,1,1,990,2
4,3,4,4,3,3,990,3
3,2,3,3,2,2,991,1
2,1,2,2,1,1,991,2
4,3,4,4,3,3,991,3
3,3,3,3,2,2,992,1
1,0,1,2,0,1,992,2
4,4,4,4,3,3,992,3
3,3,3,3,2,2,993,1
2,1,2,2,1,1,993,2
4,3,4,4,3,3,993,3
3,3,3,2,2,2,994,1
1,1,2,2,1,1,994,2
4,3,4,3,2,3,994,3
3,3,3,3,2,2,995,1
2,2,1,2,1,1,995,2
4,4,4,4,2,3,995,3
3,3,3,3,2,2,996,1
1,1,1,2,1,0,996,2
4,4,4,4,3,3,996,3
3,2,3,3,2,2,997,1
2,1,2,2,1,1,997,2
4,3,4,4,3,3,997,3
3,3,3,3,2,2,998,1
2,1,2,3,1,1,998,2
4,3,4,4,2,3,998,3
3,3,4,3,3,2,999,1
2,2,3,2,1,1,999,2
4,3,4,4,3,3,999,3
3,3,3,2,2,1,1000,1
2,2,2,1,1,1,1000,2
4,4,4,3,2,3,1000,3
