"group","item","class","name","parnum","value","lbound","ubound","est","prior.type","prior_1","prior_2"
"all","X3","dich","a1",1,0.91156472000116,-Inf,Inf,FALSE,"none",NA,NA
"all","X3","dich","d",2,0.832687716222808,-Inf,Inf,FALSE,"none",NA,NA
"all","X3","dich","g",3,0,0,1,FALSE,"none",NA,NA
"all","X3","dich","u",4,1,0,1,FALSE,"none",NA,NA
"all","X5","dich","a1",5,0.85697470207938,-Inf,Inf,FALSE,"none",NA,NA
"all","X5","dich","d",6,-0.253691957075983,-Inf,Inf,FALSE,"none",NA,NA
"all","X5","dich","g",7,0,0,1,FALSE,"none",NA,NA
"all","X5","dich","u",8,1,0,1,FALSE,"none",NA,NA
"all","X6","dich","a1",9,0.660998480559354,-Inf,Inf,FALSE,"none",NA,NA
"all","X6","dich","d",10,0.552541762942957,-Inf,Inf,FALSE,"none",NA,NA
"all","X6","dich","g",11,0,0,1,FALSE,"none",NA,NA
"all","X6","dich","u",12,1,0,1,FALSE,"none",NA,NA
"all","X8","dich","a1",13,0.756420293328722,-Inf,Inf,FALSE,"none",NA,NA
"all","X8","dich","d",14,-0.645849040933784,-Inf,Inf,FALSE,"none",NA,NA
"all","X8","dich","g",15,0,0,1,FALSE,"none",NA,NA
"all","X8","dich","u",16,1,0,1,FALSE,"none",NA,NA
"all","X9","dich","a1",17,0.974356384403569,-Inf,Inf,FALSE,"none",NA,NA
"all","X9","dich","d",18,-0.558074517103466,-Inf,Inf,FALSE,"none",NA,NA
"all","X9","dich","g",19,0,0,1,FALSE,"none",NA,NA
"all","X9","dich","u",20,1,0,1,FALSE,"none",NA,NA
"all","X10","dich","a1",21,1.12116608633435,-Inf,Inf,FALSE,"none",NA,NA
"all","X10","dich","d",22,0.33236385151422,-Inf,Inf,FALSE,"none",NA,NA
"all","X10","dich","g",23,0,0,1,FALSE,"none",NA,NA
"all","X10","dich","u",24,1,0,1,FALSE,"none",NA,NA
"all","X12","dich","a1",25,1.03980774806837,-Inf,Inf,FALSE,"none",NA,NA
"all","X12","dich","d",26,-0.375988207878027,-Inf,Inf,FALSE,"none",NA,NA
"all","X12","dich","g",27,0,0,1,FALSE,"none",NA,NA
"all","X12","dich","u",28,1,0,1,FALSE,"none",NA,NA
"all","X13","dich","a1",29,0.844247799031814,-Inf,Inf,FALSE,"none",NA,NA
"all","X13","dich","d",30,0.654938003441961,-Inf,Inf,FALSE,"none",NA,NA
"all","X13","dich","g",31,0,0,1,FALSE,"none",NA,NA
"all","X13","dich","u",32,1,0,1,FALSE,"none",NA,NA
"all","X15","dich","a1",33,1.17994468358547,-Inf,Inf,FALSE,"none",NA,NA
"all","X15","dich","d",34,-1.33880767332001,-Inf,Inf,FALSE,"none",NA,NA
"all","X15","dich","g",35,0,0,1,FALSE,"none",NA,NA
"all","X15","dich","u",36,1,0,1,FALSE,"none",NA,NA
"all","X16","dich","a1",37,0.814944490978781,-Inf,Inf,FALSE,"none",NA,NA
"all","X16","dich","d",38,0.135159936962445,-Inf,Inf,FALSE,"none",NA,NA
"all","X16","dich","g",39,0,0,1,FALSE,"none",NA,NA
"all","X16","dich","u",40,1,0,1,FALSE,"none",NA,NA
"all","X17","dich","a1",41,0.942936030323511,-Inf,Inf,FALSE,"none",NA,NA
"all","X17","dich","d",42,-0.0587702053305517,-Inf,Inf,FALSE,"none",NA,NA
"all","X17","dich","g",43,0,0,1,FALSE,"none",NA,NA
"all","X17","dich","u",44,1,0,1,FALSE,"none",NA,NA
"all","X20","dich","a1",45,0.812945070194408,-Inf,Inf,FALSE,"none",NA,NA
"all","X20","dich","d",46,-0.500047954468744,-Inf,Inf,FALSE,"none",NA,NA
"all","X20","dich","g",47,0,0,1,FALSE,"none",NA,NA
"all","X20","dich","u",48,1,0,1,FALSE,"none",NA,NA
"all","X21","dich","a1",49,1.21591398402458,-Inf,Inf,FALSE,"none",NA,NA
"all","X21","dich","d",50,-1.1378750443979,-Inf,Inf,FALSE,"none",NA,NA
"all","X21","dich","g",51,0,0,1,FALSE,"none",NA,NA
"all","X21","dich","u",52,1,0,1,FALSE,"none",NA,NA
"all","X22","dich","a1",53,0.891819250337805,-Inf,Inf,FALSE,"none",NA,NA
"all","X22","dich","d",54,-0.808467848368924,-Inf,Inf,FALSE,"none",NA,NA
"all","X22","dich","g",55,0,0,1,FALSE,"none",NA,NA
"all","X22","dich","u",56,1,0,1,FALSE,"none",NA,NA
"all","X24","dich","a1",57,0.882082253116563,-Inf,Inf,FALSE,"none",NA,NA
"all","X24","dich","d",58,2.07074218265559,-Inf,Inf,FALSE,"none",NA,NA
"all","X24","dich","g",59,0,0,1,FALSE,"none",NA,NA
"all","X24","dich","u",60,1,0,1,FALSE,"none",NA,NA
"all","X26","dich","a1",61,1.44647105846806,-Inf,Inf,FALSE,"none",NA,NA
"all","X26","dich","d",62,-0.0196275775946906,-Inf,Inf,FALSE,"none",NA,NA
"all","X26","dich","g",63,0,0,1,FALSE,"none",NA,NA
"all","X26","dich","u",64,1,0,1,FALSE,"none",NA,NA
"all","X27","dich","a1",65,1.26478749512059,-Inf,Inf,FALSE,"none",NA,NA
"all","X27","dich","d",66,0.168982623108021,-Inf,Inf,FALSE,"none",NA,NA
"all","X27","dich","g",67,0,0,1,FALSE,"none",NA,NA
"all","X27","dich","u",68,1,0,1,FALSE,"none",NA,NA
"all","X28","dich","a1",69,0.938258291388666,-Inf,Inf,FALSE,"none",NA,NA
"all","X28","dich","d",70,1.45059658729487,-Inf,Inf,FALSE,"none",NA,NA
"all","X28","dich","g",71,0,0,1,FALSE,"none",NA,NA
"all","X28","dich","u",72,1,0,1,FALSE,"none",NA,NA
"all","X29","dich","a1",73,0.888556973793021,-Inf,Inf,FALSE,"none",NA,NA
"all","X29","dich","d",74,0.418219900858354,-Inf,Inf,FALSE,"none",NA,NA
"all","X29","dich","g",75,0,0,1,FALSE,"none",NA,NA
"all","X29","dich","u",76,1,0,1,FALSE,"none",NA,NA
"all","ML_quin","graded","a1",77,2.13276498302732,-Inf,Inf,TRUE,"none",NA,NA
"all","ML_quin","graded","d1",78,2.33527466518938,-Inf,Inf,TRUE,"none",NA,NA
"all","ML_quin","graded","d2",79,0.748191092184156,-Inf,Inf,TRUE,"none",NA,NA
"all","ML_quin","graded","d3",80,-0.668594638937414,-Inf,Inf,TRUE,"none",NA,NA
"all","ML_quin","graded","d4",81,-2.32589885646799,-Inf,Inf,TRUE,"none",NA,NA
"all","GROUP","GroupPars","MEAN_1",82,0,-Inf,Inf,FALSE,"none",NA,NA
"all","GROUP","GroupPars","COV_11",83,1,1e-04,Inf,FALSE,"none",NA,NA
